ID,RATE,CREATED,REVIEW
kkkk****,5,2024-07-16,"비타민c를  중요시여기는데 유산균사면서 구매하봣어요
일반 비타민c랑다른게 가루인데 입에드가니 뭔가 꾸덕하면서 저렴한비타민c느낌이아닌  ㅋ 할튼 고급진맛?
저는 너무 씬거 안좋아하는데  딱 적당히 좋네요"
mind****,5,2024-07-14,한달사용기유튜브에서 추천해줘서 구매해봤어요. 원래 귀찮아서 영양제도 안먹는편인데 이거는 먹기 편해서 계속 먹고 있어요. 이번에 재구매했는데 효과는 아직 잘 모르겠는데 꾸준히 먹으면 달라지지 않을까하고 먹고 있어요~
rmsh*******,5,2024-07-17,매일매일 먹어요!! 살빠지는데 도움되기보단 그냥 유지하는데 도와주는 느낌이긴한데 그래도 좋은것 같아서 먹고 있습니다..!!
yoog*****,5,2024-07-16,"재구매두번째 구매인데 먹기도 편하고 안색이 밝아졌다는 얘기도 많이 듣네요~
꾸준히 먹어야 겠어요~^^"
cjdc*****,5,2024-07-12,맑고 생기있는피부를 위해 한번 먹어보려 구매했어요 맛은 먹을 만해요
kwon******,5,2024-05-25,"피부타입 : 피부가 엄청 얇고 예민한편 트러블이
한두개씩 피곤한날 올라옴 (등드름 가드름도 조금씩남) 
복용 : 하루에 1포 저녁먹고 
복용후 한달째 : 트러블 흔적들이 연해지고 안색이 밝아지고 등드름 가드름이 나질않고 그날될때 뾰루지 한두개씩은 올라오나 더이상 트러블로 인한 
스트레스는 받지않음 

피부는 다른 헤어나 네일 미용들과 다르게 단 한번으로
와 너무 좋아졌다~ 이런건 힘들죠 관리의 꾸준함을
요하는 효과가 좋아서 계속 먹게될꺼같아요 ㅎㅎ
실은 비타민 부족으로 입안도 자주 헐었는데
입안 허는 것 까지도 좋게해줬어요 ㅎㅎ더보기"
rose*****,4,2024-07-16,먹은지 몇일 안되서 효과까진 모르겠고 맛있어서 먹긴편해요
jine*****,5,2024-07-15,"엄청 맛있진않고 먹을만하게 새콤해요
피부좋아졌음,,"
my****,5,2024-07-11,유튜버 추천으로 구입합니다. 효과 있길...
bear****,5,2024-07-16,레티놀 좋다고해서 사봣어요 잘먹겟습니다
gmld*****,5,2024-07-01,샘플로 받아보고 구매했어요! 맛도 상콤하고 가방에 넣고 다니면서 잘 먹구 있답니다!
dldb*******,5,2024-07-06,재구매재구매했습니다~~ 안색이 밝아져서 좋았어요
jhma****,5,2024-07-07,한달사용기효과는 아직 잘 모르겠지만 먹기편하고 맛도 나쁘지 않아요
skj6***,5,2024-07-13,먹기편하고 입자가 고와요
koes*****,5,2024-07-05,"재구매생기가 필요해서 재구매했어요
배송빠르고 먹기도 편해요"
noom***,5,2024-07-11,한달사용기피부가 좋아질 거라생각하고 먹ㅇ고있어요
jeki****,5,2024-07-06,간식처럼 한포씩 먹으면 맛있어요
yeju****,4,2024-05-25,"행사하길래 처음 사봤어요.
차가운물에 타서 마셨는데, 맛은..생각보단..별로였어요ㅜㅜ
못먹을 맛은 아닌데..
끝맛이 약간 화장품향같은게 느껴져요.
비타민C 가루형이 있어서
그거 섞어서 마시고 있어요~

같이 보내주신 젤리 잘 먹겠습니다~더보기"
ar****,5,2024-07-07,먹기 편하고 효과가 있었으면 좋겠습니다
nklu*******,4,2024-07-06,"재주문 
좋은 같아서 한 번 더 먹어볼려고요 ."
jieu*****,5,2024-07-06,"재구매입에 넣으면 시원하게  샤르르 녹는게 느낌이 좋아요ㅎ
맛도 있고 꾸준히 콜라겐이랑 먹고 있는데 피부가 더 좋아지는듯요ㅎㅎ"
neme*******,5,2024-07-03,피부에 좋다는 지인 추천으로 주문
tlqo*******,5,2024-07-18,2틀먹엇는데 기분탓일까요 벌써환해진듯한피부톤입니다ㅎㅎ
nn****,5,2024-06-26,"출산하고 안색이 어두워 보여서 주문했어요
관리 열심히 해야겠어요"
blue******,5,2024-06-24,한달사용기이거먹고나서 여드름이 안나네요..재구매의사 있습니다~
pump******,5,2024-06-18,"한달사용기비타민 부족과 주름 개선으로 먹고 있어여
2 통째 먹고 있는데 피부에 수분감은 좀 생겼어요 
속피부가 덜 건조해진 느낌"
jiwo******,5,2024-07-17,맛도 있고 서비스도 좋아 아침 저녁으로 한 포씩 먹어주려고요.
woon******,5,2024-06-23,"한달사용기딱히 피부가 좋아지는 거 모르겠고 환해지는 것도 모르겠고
이름은 레티놀인데 주성분은 비타민 우선 순위인,,,
걍 비타민 열심히 먹자😇"
kimm***,4,2024-07-04,한달사용기새콤한 비타민씨여서 먹는데 거부감 없고 맛있어서 잘 챙겨 먹었습니다 드라마틱한 효과가 있는 건 아니지만 꾸준히 먹으면 더 효과가 있을 것 같아요!
bin6***,5,2024-06-05,유튜브에도 많이 뜨고 올영후기도 좋아서 구매해봤아요 이너뷰티 중요하잖아요..! 파우더인데 뭔가 입에 털면 약간 다른 느낌인데 맛은 좋아요 ㅎㅎ 효과도 좋았으면 좋겠슴니다
hair**********,5,2024-06-07,"생각보다 맛있고 적당히 새콤하면서 입자가 참 작네요
입에넣으니 금세 사라져버림
글루타치온,콜라겐 먹고있는데 레티놀까지 먹음 더 효과있을거 같아서 일단 한박스만 주문했는데 왠지 다량주문 할거같네요"
ai****,5,2024-06-13,꾸준히먹어보려구여 생각보다 양이적어서 금방 입에털어넣겠더라구요 부들부들한가루라 잘삼켜져요
lega********,5,2024-07-04,계속 복용중입니다.
97****,5,2024-07-15,한달사용기감사합니다 잘쓸께요~◡̈⃝
khl0***,5,2024-07-18,재구매한달 먹고 효과보는듯해서 다시 재구매했어요
mont*****,5,2024-05-31,"옛날 레모나 포장과 비슷해서
휴대하기 편하고 물에 타서라기보다
그냥 먹으니 번거롭지 않을거 같네요. 
배송이 빨라서 너무 좋았습니다. 
바로 먹어볼수있어서요. 

작업하면서 하나, 저녁에 하나 이렇게 먹어보도
재구매 많이 하겠습니다🙏더보기"
kuku*****,5,2024-06-04,유튜브에서 추천받고 미루다미루다 샀는데 성분이 어마어마하네요... 맛도 달달하고 맛있어요 생각보다 많이 들어있어서 잘 챙겨먹겠습니다
mysh****,4,2024-06-23,한달사용기피부가  뒤집어지는게  덜한거같아서  잘먹고있어요
mcho****,4,2024-07-10,"생가보다 셔요!
아직 효눙운 더 먹어봐여 알거같어요!꾸준히 먹어볼게요"
bo****,5,2024-07-15,"먹기도 편하고 맛도 있네요.
효과봤으면 좋겠어요~~~"
youn****,5,2024-06-04,"처음 구매해봤는데
맛있어요!! 입안에서 사르르르 녹아요
부담없이 하루 한포 좋은거 같아요
지금 콜레겐도 같이 먹고 있는데
같이 꾸준히 먹어볼 생각입니당"
tjda****,5,2024-06-24,"재구매꾸준히 먹고 있는데
기분탓인지 효과가 좀 
있는것도 같고 ㅋㅋ"
oper*****,5,2024-07-16,피부 좋아졌다는 유튜버 말 듣고 구매했어요
tina****,5,2024-06-26,재구매배송도 빠르고 제품도 만족스럽습니다~
pomp****,5,2024-06-08,맛이 상큼하고 많이 시지않아 좋고 물없이 먹어도 괜찮았어요. 물에타먹으면 레몬음료느낌일듯
king*****,5,2024-06-26,재구매배송도 빠르고 제품도 만족합니다
nama****,5,2024-07-12,하루 한포씩 챙겨 먹는데 피부에 좋은 거 같아요
ipol***,5,2024-06-14,재구매2총째 잘 먹고 또 주문했어요 피부가 좋아졌으면 좋겠습니다
fhao*****,5,2024-07-14,한달사용기배송 빠르고 좋았어요 :)
lm****,5,2024-06-07,한달사용기까먹고 매일은 안먹어서 그런지 효과는 아직 잘 모르겠지만 맛있어요! 오래 먹다보면 효과가 눈에 보이기를 바랍니다~
pump******,5,2024-06-13,"재구매먹기 편해요
40대는 필수인듯 매일 아침 녹차에서온 유산균과 함께 먹는데 입 안이 상콤해요"
quee*****,5,2024-06-12,"꾸준히 챙겨먹고 있어요
내피부를 위한 작은 노력이라 생각하고 앞으로도 계속 챙겨먹어 보려구요
만족합니다"
olov******,5,2024-06-12,생수보다 탄산수에 넣어먹는게 맛은 더 좋은데 한꺼번에 넣음 물폭탄 맞으니 조금씩 살살(?) 넣어드세요
moon***,3,2024-06-10,"좋은 효과 기대하며 잘 복용하고 있어요
맛이 그닥 좋진 않네요 제 입엔"
amye*****,5,2024-07-10,먹는 레티놀이라 기대가 많이 됩니다.
ekwj*****,4,2024-07-05,"한달사용기음 ,,, 입에 넣자마자 시원한 느낌이 나고 달달하면서 거부감이 없는 맛이에요"
abwm***,5,2024-05-19,"재구매레티놀을 먹는다니 넘 획기적인거 같아요
사실 전 바르는 미백 화장품보다 먹는 글루타치온이나 엘시스테인에
더 효과적이라고 느끼고 있거든요
아모레 제품이니 믿고 꾸준히 먹어보려구요
가루타입의 영양제는 달아서 별로 안좋아하는데
역시 이것도 좀 달긴해요
맛만 더 좋았음 좋겠지만 물과 같이 복용하면 괜찮아요 😊더보기"
gx****,4,2024-06-08,한달사용기6개남았는데 특별히 피부가 맑아지거나 그런건 잘모르겠네요~ 굳이 재구매까진 안할것같아요
zose*****,5,2024-06-19,가볍고 가지고다니기 좋고 챙겨먹기 좋네요
isee******,3,2024-06-05,"재구매완충제 하나 없이 제품만 덩그러니 왔구요
그리고 유효기간도 올리브영에서 구매한것보다 짧아요
먹기는 편리합니다"
yyoo***,5,2024-06-02,피부 생각하는 나이인데 검색하다가 발견해서 구매했는대 하루에 두포씩 잘먹고있어용 입에서 녹을때 신기합니당 다먹으면 또 구매할께요~
wldu****,5,2024-07-10,한달사용기무난하게 잘먹고 잇어요
rudd*****,5,2024-06-27,"재구매진짜 좋아요 계속 먹고잇어요
주변에 다 추천함"
khl0***,5,2024-06-25,맛도 상큼달달해서 괜찮아요 꾸준히 먹다가 잠깐 안먹으니깐 피부가 쳐지는게 느껴져서 다시 먹구 있어요 꾸준히 먹으면 효과가 보여요
shin******,5,2024-06-20,"한달사용기맛있고 피부도 밝아지는데 매일먹기엔 가격이 부담되서 세일할때 쟁여놓으려구요!
확실히 먹고안먹고 차이가 커요"
choc*******,5,2024-06-15,맛잇게 잘 먹고 있어요
wise*****,5,2024-06-04,맛이 엄청 상큼해요 시원핫 맛이 나네요 먹어보고 효과 좋으면 재구매할께요
kimy*****,5,2024-06-10,매달시켜먹는중 3달째먹는중 아직효과는모르겠으나.더꾸준히먹어볼게요
bobe******,5,2024-07-04,한달사용기정제라서 먹기 좋아요
twok*****,5,2024-05-21,피부건강을 위해 구매했습니다. 하얀편인데 자꾸 기미가 올라와서 그게 고민이라서 이거 먹으면서 화이트닝에 신경써보려구요. 배송은 진짜 빨라서 하루만에 왔습니다.
isee******,5,2024-07-05,한달사용기재구매하루 한포씩 먹고있어요
arie****,5,2024-05-27,항상 파우치에 넣어두고 다닙니다ㅎ 맛있어서 간식으로 먹는중. 효과는 아직 모르겠어요
ayou*****,5,2024-05-23,"메타그린이랑 같이 꼭 챙겨먹어요
떨어지면 불안해.. ㅎㅎ
먹는다고 좋아지는지는 모르겠는데 (나이가있어서)
안먹으면 확 티나게 느껴져서 꼭먹어욯ㅎㅎ
좋은거 많이개발해주세요 아모레퍼시픽 ㅎㅎㅎ"
jenn*****,5,2024-05-15,재구매전에 한번 체험분으로 복용했었는데 괜찮은 것 같아서 구매해 봤어요! 여드름 흉터랑 얼굴 속광에 레티놀이랑 비타민C가 좋대서 효과 꼭 봤으면 좋겠어요:)
ppom****,5,2024-06-05,처음사봤어요. 효과있기를 바래봅니당
choi****,4,2024-05-27,아직 더 먹어봐야 겠지만 먹기 편하고 맛도 좋습니다. 효과가 있기를 기대합니다.
sohe*****,5,2024-06-27,한달사용기운동할때 물 마셔야 하는데 맹물은 싫어서 이걸 물에 타서 마셔요 ㅋㅋ
tr****,5,2024-06-10,빠른배송에 만족합니다.
qeet****,5,2024-04-18,한통 다 비워서 새로 구매했어요 10시엔디붕 유튜브에서 강력 추천하시길래 바로 구매했는데 진짜 효과 좋아요 이거 먹고 난 이후로 스킨케어 할때 훨씬 더 잘 스며들고 피부 좋다는 소리 자주 듣고 있어요 악건성인데 속건조도 다 잡아주고 피부광까지 내주는 효과에 심지어 맛있어요 가루로 된 거는 맛이 없거나 너무 신 경우가 많아서 먹기 힘들었는데 슈퍼레티놀은 달라요 올xx영에서 구매하는 것보다 공홈에서 구매하는게 사은품도 받고 훨씬 싸네요 너무 만족해요 선물용으로도 좋을 거 같아요 추천합니다
with*******,5,2024-05-20,"10개씩 3봉지에 있어요
생각보다 신맛이 더 있지만 거슬리지 않아요 ㅎㅎ"
dldb*******,5,2024-06-18,배송도 빨랐구 맛도 좋아요!! 꾸준히 먹어볼게요 🥹
hj****,5,2024-06-05,한달사용기어디에 좋은진 모르겠지만 상콤하게 맛나요 ㅎ
cl****,5,2024-05-21,"재구매지난번에사서 한통다먹어서 또샀어요
맛도좋고 먹기편해요 이너뷰티신경쓰느라 꾸준히먹으려구요 피부가밝아진거같아요"
hsh4***,5,2024-05-26,한달사용기후기가 좋아서 구매했어요 피부톤이 드라마틱하게 밝아지진 않지만 효과는 있어요
qoth****,5,2024-06-17,한달사용기재구매꾸준히 먹은지 2달정도 되어가는데 확실히 피부도 밝아지고 좋아요! 꾸준히 먹으려구요 ㅎㅎ
babo******,5,2024-05-21,레티놀 이거 너무 맛있어요! 상큼한것이 딱 제 스타일이고요 꾸준히 먹으면 피부도 좋아지겠죠!
noh0***,1,2024-06-11,효과가 1도 없고 가격은 비싸다.
cjst*****,5,2024-05-26,"한달 먹고 또 구매하는건데
보는 사람마다 얼굴 하얘졌다고 그래서
너무 기분이 좋아요"
abwm***,5,2024-05-19,"이 제품 네이버쇼핑서 보자마자 망설임 1도 없이 바로 2통 구매했습니다
아모레 바이탈뷰티 제품이니 믿을 수 있고
한달치에 2만원 돈이니 부담도 덜하구요
게다가 네이버서 할인도 하니 일석이조♡"
tmfr****,5,2024-06-08,한달사용기후기믿고 샀믄데 잘 모르겠어요 ㅎㅎ
sieu*******,5,2024-06-19,비타민겸 피부에 좋은 제품을 찾다가 한번 먹고 재구매했습니나 좋아요
gpff****,5,2024-05-29,"챙겨먹은지 3달 째 효과는 모르겠지만 그냥 내
피부 생각해서 먹고있습니다. 안먹는 것보다는 나으니까요!!"
choh******,5,2024-05-20,먹어보고 싶엇던 칼로리컷까지 서비스로 왔고 어제 저녁 주문했는데 다음날바로 왔어요 로켓배송보다 빨라요
tedd****,5,2024-05-30,재구매피부 결이 좋아지는 느낌입니다. 꾸준히 먹어볼게요
qeet****,5,2024-06-24,한달사용기속건조도 잡아주고 피부가 많이 좋아졌어요
capb****,5,2024-05-16,한달치 먹고 또 구매합니다 얼굴이 밝아졌다 기보다는 맑아진 느낌을 줍니다 원래 좀 칙칙했거든요 ^^ 가격도 착해서 먹을때 부담이 없어요.
seil********,2,2024-06-27,한달사용기나는별다른치이를 모르겠어요 ㅠㅠ
kjs1******,5,2024-06-05,재구매꾸준히 먹어보려구요 피부 좋아져라
imsu*****,5,2024-06-27,2번째 구매입니다 앞으로도 쭉~
pine***,5,2024-05-22,"샘플로 먹어보고 맛있어서 주문했어요
꾸준히 먹음 피부도 좋아질꺼 같아요"
qotk******,5,2024-05-27,만족합니다. 아침엔 슈퍼레티놀~ 저녁엔 올인원콜라겐ㅋㅋ
jenn*****,5,2024-05-15,재구매전에 한번 체험분으로 복용했었는데 괜찮은 것 같아서 구매해 봤어요! 여드름 흉터랑 얼굴 속광에 레티놀이랑 비타민C가 좋대서 효과 꼭 봤으면 좋겠어요:)
hsh4***,5,2024-05-26,한달사용기재구매2번째 주문이에요! 매일 꾸준히 잘 먹고 있어요
1117****,5,2024-05-18,첨엔 다른거 샀을때 샘플로 와서 먹어보고 첨엔 맛이 별로라 생각햇는데 먹다보니 완전 익숙해졌어요 ㅋㅋㅋ 그래서 홀린듯이 샀네요
abcd****,5,2024-05-28,한달사용기피부에 도움받고있습니다!! 재구매할거에요~!
cana*****,5,2024-06-18,약간 셔요 효과가 좋길 기대합니다
qeet****,5,2024-06-24,한달사용기재구매계속 재구매해요 좋아요
hann****,5,2024-06-03,간편하게 먹을수있을것 같아요
ediv******,5,2024-06-27,한달사용기재구매아주 초아요 아주 초아요
skfo****,5,2024-05-20,"재구매상큼,달달해서 먹기 편해요 배송도 엄청 빨리왔습니다👍👍"
kh****,5,2024-06-04,우선 배송이 엄청 빠릅니다. 가루 형태인데 맛이 엄청 시거나 과하게 달지 않아서 한입에 털어놓고 물 한모금 마시면 편합니다.
juhe*****,5,2024-05-21,올리브영에서 사는것보다 싸네요 배송도 빠르고 좋습니다!!
tjda****,5,2024-05-29,"재구매당분간 계속 먹어보려고용 ㅋㅋ
좋아영 ㅋㅋ"
mkds****,5,2024-06-23,재구매이젠 안먹으면 괜히 불안해여~
m981****,5,2024-05-18,"우연히 알게되어 먹고있는데 줗은거 같아요~
잠을 많이 못잤는데도 피부가 괘안아요"
milo*******,5,2024-05-14,레티놀은 처음 주문해봤는데 맛있어요! 효과도 좋았으면 좋겠네요:) 유산균은 늘 먹던 제품입니다.
ediv******,5,2024-06-26,한달사용기재구매아주초아요 아주초아요
dh****,5,2024-06-02,꾸준히 챙겨먹고 있어요
harp****,5,2024-05-20,"매일 꾸준히 먹고 있어요!
민감 피부라 먹는 레티놀 너무 좋아요!"
tofh*****,5,2024-05-19,저번에 서비스로 받은거 먹어봤는데 안색도 좀환해진것같고 효과있는것 같아서 30포 주문했습니다
1117****,5,2024-06-20,한달사용기재구매다음에 또 할인하면 사러 올게요
bb****,5,2024-04-25,곧 중요한일이있어서 급박하게!!변화주규싶어서 추천받아 샀어요!!!!맛도 맛잇고 배송이 거의 반나절걸린거같아여 .진짜 정말 빠르게왓고 맛도 넘조아서 효과조으면 또 구매하려구요!!
b566****,5,2024-05-19,한달사용기아직은 잘 모르겠어요! 꾸준히 먹으면 안색이 밝아진다고 하니 계속 먹어볼게요!!
a3****,4,2024-06-16,한달사용기더 먹어봐야알겠지만 효과가 있는거같아요
1117****,5,2024-06-20,한달사용기먹다 보니 맛에 중독 되었어요 ㅎㅎ
ry****,4,2024-04-30,엄청 맛있어서 자꾸 먹게 되는 영양제에요 ㅎㅎㅎ비타민c가 들어 있어서 새콤하고 달달해요. 아침에 먹으면 기분 좋아집니다 ㅋㅋ 효능은 모르겠어요. 맛있어서 먹는 영양제에요 ㅋ
mysh****,5,2024-05-20,"빠른배송으로  잘받았어요
열심히  먹어볼게요"
ssss****,5,2024-05-25,가격이 합리적이고 맛도 맛있습니다
mini******,5,2024-05-21,"재구입 의사 있습니다~
40대 중반이예요. 
간편하게 먹는 레티놀 기대 됩니다~"
jsj5***,5,2024-05-17,유튜브에서 우연히보고 구매했어요 한달동은 먹어보고 효과있으면 재구매할게요
nada****,5,2024-05-21,맛있어요!! 한달 먹고 좋으면 또 먹을래요
kg****,5,2024-05-27,잘받았습니다~ 먹기 편리해요!!
kims*****,5,2024-06-22,먹고 이뻐질게요~~
afri*******,5,2024-05-19,"궁금해서 사봤어요
먹기괜찮은거 같아서 추가로 60포 구매하러 왔습니다"
b566****,5,2024-05-21,재구매한 달 복용하고 효과는 아직 모르겠지만 3달까지 꾸준히 먹어보려고 재구매 했습니다!
escl****,5,2024-04-05,"엄청 고운 가루로 되어 있습니다. 상큼 신맛이 강해 약간은 군것질거리인 카라멜 새콤달콤 맛! 

꽤 좋은 브랜드로 인식되어 있는 바이탈뷰티라 고민 조금 아주 조금하다가 눈 감고 리뷰도 안보고구매하고 결정까지 내립니다! ㅎㅎ

좋을거라 예상하고 일단 리뷰 남깁니다! 좋으면 한달 후 재구매랑 리뷰랑 다시 올라가겠죠? 일단 첫 인상은 합격! 맛도 합격! 

(그런데 먹는 레티놀 어디에 좋은건가요? 콜라겐 찾다가 레티놀 구매한, 먹는 레티놀에 대해 1은 커녕 0조차 모르는 1인이라…비타민…이 아니라 그냥 레티놀 씨네요…그래도 비타민일거라 생각하고 구매해서 그 정도 효과는 있을거라 믿습니다. 츄잉 비타민 구매하고 좋았어서 ㅋㅋ)더보기"
hsb9****,5,2024-05-16,레모나맛이에요 먹기편하고 물없이도 먹기가능해요 효과는 꾸준히 먹어볼려구요
gpff****,5,2024-06-21,한달사용기매달 먹고있는 재품 !!
dong*******,5,2024-06-09,"한달사용기완젼 강추입니다 
그냥 일단 2포씩 일주일만 드셔보시면 압니다"
jini****,5,2024-05-13,"사르르 녹아서 먹기 편하고
맛있어요
배송도 정말 빨라서 좋아요"
mypa****,5,2024-05-20,잘 먹고있어요.더 먹어보려고요
yoog*****,5,2024-05-07,"피부에 좋은 비타민c와 슈퍼콜라겐을 같이  간편하게 먹을수 있어서 너무 좋아요~
출근전 한포가 피부를 좋게 합니다^^"
miru****,5,2024-03-28,레티놀은 솔직히 바르기만 했는데 이제 함 먹어봐야겠다고 생각했어요~ 맛은 음....레모나 맛의 그 어느 경계선이라고 해야할까요~ 먹기 나쁘지는 않고 아침에 식사 후 바로 복용하고 있습니다. 어제밤에 도착해서 먹었더니 새벽에 뭔가 속이 아픈것 같더라구요~ 유통기한은 2025년까지라서 넉넉한 것 같고 일단 동생이랑 꾸준히 복용해볼려구요~고럼 한 달후 사용기에서 다음 리뷰를!! 올려볼께요~지금 기대가 엄청 되네요~ㅎ 밝아져라~~맑아져라~~박자매~~~ㅋ
qeet****,5,2024-05-18,재구매3통째 구매인데 먹고 난 이후로 속건조도 없고 확실히 피부가 좋아졌네요
nama****,5,2024-06-12,꾸준히 먹고 있는데 피부에 좋은 것 같아요
97****,5,2024-06-12,감사합니다 잘먹을께요
play*****,3,2024-05-08,한달사용기피부가 한 번 뒤집어졌었어요 간지럽고 얘 때문인지는 모르겠는데 다른 게 변한 건 없었어서 추측만 할 뿐입니다
wlsn*****,5,2024-05-20,잘 받았습니다 좋아요
wldu****,5,2024-06-11,상콤해서 먹기 편하고 좋아요
jy****,5,2024-05-27,처음 먹어보는데 맛있네요~피부에 좋다니까 꾸준히 한번먹어볼께요
sykg*****,5,2024-06-11,먹어보고 또 구입할게요
film******,5,2024-06-11,하루만에 잘 받았습니다 ㅎ
go****,5,2024-05-19,먹기 편리하고 유통기한 넉넉해요
blue*******,4,2024-05-18,먹기편하고 맛도 나쁘지않아 좋습니다~
dbdu*******,5,2024-05-07,생각보다 좀 쓰네요. 유통기한 많이 남았고 효과는 아직 더 먹어봐야 알 것 같아요
p5****,5,2024-05-10,"너무 맛있어요
물에 타먹어도 그냥먹어도 자꾸 먹고싶은맛"
noom***,5,2024-05-17,맛도 있고 효과도 있는것 같아 재구입합니다
5564***,4,2024-06-06,한달사용기맛은 약맛나는데 효과있겠지하고 먹어요
khr3***,4,2024-05-21,상큼하게 한포씩 먹고 있어요
kjw9*****,5,2024-05-07,한달사용기피부톤이 좀 밝아지는 것 같아요. 처음 섭취하고 담날에 부모님 뵀는데 얼굴에 뭐 했냐고 물어보셨어요..ㅋㅋㅋ
eomw********,4,2024-05-20,그런대로    좋아요
yoni****,5,2024-04-28,피부가 너무 안좋아졌늗데 먹고 피부좋단 후기들이 많아서 구매하게됬어요! 꾸준히먹고 좋으면 한달후기 쓰러올게욤 일단 맛은 상콤하니 넘좋아여
0102*******,5,2024-05-07,확실히 피부톤이 밝아졌어요!! 촉촉해진거같고 비타민도 같이 챙길수있어서 좋아용 ㅎㅎ
heyu***,5,2024-05-22,꾸준히 먹으면 좋을듯요~^^
jiyu***,5,2024-05-08,한달사용기알약은 싫어하는데 먹기 편하고 맛있어서 잘 챙겨 먹게 되는 것도 좋은 거 가탕요
sohe*****,5,2024-05-20,운동할 때 먹으려구요
7208***,5,2024-05-20,휴대하기 간편하고 보통비타민보다  입 넘김이 액상먹는거 처럼 부드럽고 효과는 아직은 먹기 시작한지 얼마안돼서 모르지만  꾸준히 복용하다보면 효과 있을거같아요~
eunj****,5,2024-05-20,배송빠른고 저렴하게 잘샀네요 심지어 맛있어요. 효과있는듯하면 꾸준히 복용해 보녀구요
deja****,5,2024-06-07,뭔가 확실히 피부가 좋아졌어요
ipol***,5,2024-05-04,"재구매재구매 했어요. 솔직히 효과는 모르겠지만, 있겠지 하면서 하루1포씩 먹어요,, 가격이 좀 비싸지만 꾸준히 먹어볼게요"
jiyu***,5,2024-05-08,재구매4통째 먹고 있어요 ! 안먹을 때보다 안색이 개선된 듯한 느낌이 들어요 ~!
sldk***,5,2024-04-24,재구매상큼해서 그냥 털어먹어도 맛있고 휴대하기에도 좋아요 효과는 꾸준히 먹어봐야알겠지만 만족합니다
jeon********,5,2024-05-19,"하루배송이라 정말 빨리왔네요~
피부가 칙칙해서 환해지길 기대하며 먹어봅니다.
한달 후 후기도 남겨보겠습니다^^"
soyo*****,5,2024-06-09,항상 먹고있는거에요 ㅎ
hjh7*****,5,2024-05-18,재구매꾸준히 먹어보는 중입니다
rnwj*****,5,2024-05-14,꾸준히먹고있어요사은품까지받아서좋네요
dmst*****,4,2024-04-22,"분말이 엄청 고운입자여서 먹기가 너무편하고
처음에는 끝맛이 약맛이 났는데 계속먹으니
그런 느낌은 없고 비타민 c먹는맛이에요!
아직 효과가 있는지 모르겠지만 , 일단 피부가 맑아지고 밝아졌다는 말은 많이들었어요!"
un****,5,2024-04-19,"레티놀 바르고있는데 효과봐서
먹는것도 해주려고요!
비타민 c도 많이 들어가서 좋아요.
종비B 만 먹고있었어서 저에게는 딱이네요"
ista******,4,2024-06-03,먹으면 확실히좋아요
snow********,5,2024-04-20,"레티놀을 바르면 피부가 뒤집어지고 
평소에 잘챙겨먹지도 않지만 먹고있는 비타민엔 비타민a 가 포함되어있지않아 추가해서 먹어보려고 샀어요 몸속 어딘가엔 도움이 되길 ㅜㅜ"
tjda****,5,2024-05-10,"재구매효과는 잘 모르겠지만
그래도 꾸준히 먹어보려고용 ㅋㅋ"
1123****,5,2024-05-11,이주정도 먹었는데 안색 밝아지는거 같아용
mina*****,5,2024-05-14,맛도있고 효과도 기대되요^^
fkel*******,5,2024-05-19,일단 맛이 새콤해서 좋아요! 꾸준히 먹으면 효과가 있겠죠
lees********,5,2024-06-03,환환 피부를 위해서 구매완료
open******,5,2024-05-24,맛있어요.가격이 고가여서 재구매할지 모르겠어요.
kimh******,5,2024-04-18,재구매친구소개로 구매해서 복용중입니다. 맛은 새콤하고 휴대하고 다니기도 편합니다.
yyuk****,4,2024-04-25,"맛있다고 레모나맛이라는 리뷰가 있었는데 전 맛없네요ㅜㅜ 가루약+레모나맛?..
꾸준히 먹어볼려고 합니다
서비스로 4포 더 와서 너무 좋았어요ㅜㅜ"
wj****,5,2024-05-11,한달사용기맛있어서요 좋아요 ㅋㅋ엄청 새콤하지 않고 달달함도 있어서 좋음 레티놀에 대한 효과는 잘모르겠고 간편하게 먹을 비타민용도로 꾸준히 먹으면 ㄱㅊ을듯
bw****,4,2024-02-23,"바르는 레티놀은 함량이 낮으면 효과가 없고, 함량이 높으면 피부가 뒤집어져서 고민이었어요ㅠㅠ 그러던 중에 먹는 레티놀이 있다길래 바르는거보단 먹는게 더 효과적일 것 같아서 사봤습니다. 

우선 개별 포장으로 가루가 입자가 작아서 입에 넣자마자 녹아요. 그리고 물에 섞어줘도 잘 녹아 먹기 편리합니다. 

유통기한은 길어요. 바르는 레티놀은 냉장보관해야하고 개봉하고 빨리 발라야하는 까다로운 재료인데, 먹는 레티놀은 개별포장이니 보관이 훨씬 용이합니다!!


가장 중요한 맛!!!😋
맛은 좀 딸기감기약 맛이랄까..?? 지난 올영페스타에서 받은 샘플은 엄청 셔서 눈이 막 감길 정도였는데, 이번에 먹은건 신맛은 없고 감기약 맛 납니다ㅠㅠ 
⭐️저는 처음엔 쓴맛도 느껴졌는데 물에 타먹거나, 가루를 입에 넣고 바로 물을 마셔주면 쓴맛이 안나더라고요!!!! 진짜 처음 먹을때 레티놀만 그냥 탁탁 털어서 먹었더니 너무 써서 망했다..싶을 정도였거든요😭😭 근데 [ 물이랑 함께 먹으니까] 쓴맛없고 오히려 단맛이 나서 달달한 딸기감기약..?맛이에요. 신맛은 전혀 안느껴짐. 
( 근데 그렇다고 너무 맛있고 그렇진 않음. 원래 몸에 좋은건 쓰다잖아요..?ㅎㅎ 못 먹을 정도의 맛은 아니어서 요즘 꾸준히 먹는 중)

레티놀 덕분인지 최근 바꾼 스킨케어 덕분인지 컨디션 덕분인지는 잘 모르겠지만, 피부결이 점점 좋아지는게 느껴지더라고요?!! 그래서 꾸준히 먹어보려고요. 원래 비타민이 피부에 좋으니깐~!!

이너뷰티는 정말 꾸준히 오래오래 먹어야하기 때문에 좀 더 먹어보고 한달이상후기로 다시 돌아올게욥더보기"
mopu****,5,2024-04-05,"레티놀제품은 무조건이죠.
바르기도 해야하고 먹기도 하면 금상첨화겠죠!!
근데 맛없음 아무리 좋아도 못먹는데 이건 두개먹고 싶을 정도로 맛있어서 가끔 ㅜ 두포를 뜯는다는"
baek****,5,2024-05-22,"한달사용기너무 만족해서 리뷰 남겨요!! 
피부기 촉촉"
rlat********,5,2024-04-26,맛있어요 새콤달콤 처음먹어보는건데 피부 얼마나 좋아질지 기대대용
jbb0***,3,2024-05-01,이제 첨먹는거라 효과는 아직모르지만 맛은 괜잖구요 시원한느낌으로 먹기편합니다 효과는 한달후 후기올리겠습니다
bbos*****,3,2024-05-20,피부때문에 구매했어요.가루라서 잘못띁을까 조마조마하시면 효과만 있음 좋겠어여ㅜㅜ
gt****,5,2024-05-09,시켜먹던거라 가격 저렴하길래 구매했어용
jj****,5,2024-05-30,처음 먹어봤는데 괜찮네요
cl****,5,2024-04-17,샘플받아보고 먹어봤는데 맛있고 피부에도 좋다그래서 정품시켜봤어요 가루로된거라 먹기도편하고 좋네요 피부가효과보믄 좋겠어요
haez**********,5,2024-05-22,레모나 맛이나서 좋고 꾸준히 복용하면 피부가 좋아질 거 같아요
ys99*****,5,2024-05-08,재구매배송 빠르게 잘 받았습니다
puri*****,5,2024-05-20,맛나요 맛있어요 다먹으면 또 구매예정입니다
nbys***,5,2024-05-13,재구매계속 먹고 있어요.
dnwj*******,5,2024-05-03,레티놀 바르기 부담스러워서 먹는걸로 택해봤어요 효과가 있길 바라요
ek****,5,2024-05-01,맛있고 먹기도 편해요! 효과도 있었으면 좋겠네요~
1117****,5,2024-05-31,재구매아주 마음에 들어요 !!ㅎㅎ
naeu******,5,2024-05-29,한달사용기레모나 먹는거랑 똑같아요
kjw1******,5,2024-05-27,배송도 빠르고 제품도 만족합니다
kimh******,5,2024-04-25,두번째 구매입니다.친구 추천으로 꾸준이 챙겨먹고 있어요.
a984****,5,2024-05-24,맛있고 간편하고 좋아요.
ysyu****,5,2024-04-14,한달사용기재구매비타민+레티놀+아모레라 믿고 먹었어요 비타민치고 아주 시지도 않고 이런 영양제류치고 맛이 이상하지도 않아서 매일 챙겨먹기 괜찮았어요
hama****,5,2024-04-17,"이전에 먹었을 때 피부 컨디션도 좋았던 걸로 기억하고 있어서 재구매 했습니다.
조금 강한 레모나 맛 같아서 먹는데 불편함 없고, 먹는 것도 편리해서 잘 챙겨 먹을 수 있는 것 같아요"
ab****,5,2024-04-29,재구매진짜 피부가 많이 좋아졌어요 좁쌀이나 뾰루지가 많이 안나와요
hyb-*****,4,2024-04-18,입자가 엄청 작아서 먹기 정말 편해요! 효과는 아직 크게 모르겠지만 그래도 꾸준히 먹어보고있습니당
ko****,5,2024-05-01,피부를 위해 2달째복용중이예요~꾸준히 먹어야 할것 같아요!
mjs1*****,5,2024-05-10,두번째 구매입니다!!!!
nbys***,5,2024-05-08,재구매두번째구입 했습니다 ㅋㅋ
cott********,5,2024-04-18,우연히 먹게되었는데 맛도 괜찮고 효과도 괜찮은것같아서 재구매해봅니다!! 피부효과가 젤 좋으면 좋겠네요!!
skfo****,5,2024-04-18,하루만에 하자없이 배송왔습니다 맛은 상큼한 레몬맛으로 비타민 먹는것같아요 약맛안나서 좋습니다 아직 먹은지 4일밖에 안되서 꾸준히 복용해보려구요!
king*****,5,2024-05-02,재구매배송도 빠르고 제품도 만족합니다
lsw3***,5,2024-04-27,꾸준히 먹고있어요! 다 떨어질때 쯤 사러올게요~
tati******,4,2024-05-20,좋은제품기대하구 구매했어요
hym2***,3,2024-04-23,먹기편하게 되어있어요~ 잘 챙겨먹을수 있을거 같습니다
insi*******,5,2024-04-28,"좋을꺼같아서 구매햇어요
맛잇네요"
ej****,5,2024-05-02,꾸준히 먹어보고 재구매 할겡요
dahy******,4,2024-05-21,한달사용기레모나 맛 나서 잘 먹었어요 ㅎ
tjal*****,5,2024-04-21,배송이 빨라서 좋았습니다! 꾸준히 먹어볼게요
lesb******,5,2024-05-23,재구매꾸준히 주문하고 있어요!
ab****,5,2024-04-15,확실히 먹고나면 안색이 좋아보여서 괜찮아요 그리고 피부도 촉촉해지고 부들부들 해져요
aeji****,5,2024-05-12,한달사용기재구매잘먹고 있습니다! 재구매 예정이에요
redy****,5,2024-04-22,레티놀에 비타민 함유되어 있고 가격도 합리적이고 가지고 다니면 먹기 편합니다
ytki****,5,2024-04-01,"재구매유튜브 미니님께서 추천해주셔서 바로 구매했어요~ㅎㅎ먹어보면 알겠죠?
피부가 밝아지면 좋겠어용
한달후에 달라진 후기 올릴수있기를..ㅎ
배송빨라서 좋아요~ 지금보니 품절떳네요
타이밍대박..ㅎㅅ더보기"
ytki****,5,2024-04-01,"유튜브 미니님께서 추천해주셔서 바로 구매했어요~ㅎㅎ먹어보면 알겠죠?
피부가 밝아지면 좋겠어용
한달후에 달라진 후기 올릴수있기를..ㅎ
배송빨라서 좋아요~ 지금보니 품절떳네요
타이밍대박..ㅎㅅ"
agar*******,5,2024-05-16,한달사용기소포장 되어있어서 가지고 다니면서 먹기 편해요
b566****,5,2024-04-16,레티놀이 피부에 좋다해서 주문했어요! 요즘 피부가 예민해졌는데 효과 있었으면 좋겠어요
coco******,5,2024-04-18,"상큼하고 맛도 좋아요. 
꾸준히 먹어볼게요"
neti*****,5,2024-04-19,"선물받아 먹어보고 추가구매합니다
배송 빠르고 추가증정도 있습니다"
beut***,4,2024-05-14,궁금해서 사봤어요  먹어봐야알겠지만 효과 좋음 좋겠네요
whdm*****,5,2024-04-15,저번에 먹고 좋아서 재구매했어요 피부톤도 환해지고 피부결이 매끈해졌어요
3362***,5,2024-04-21,재구매속광까진 아닌데 안색이 밝아보여서 좋아요
hjh7*****,5,2024-04-23,어느정도효과가 있는것같아서 재구매했아요
echo****,5,2024-04-22,맛도 있고 비타민 함량도 높아서 구매했어요
dyk0***,5,2024-05-21,재구매잘먹고있슴니당ㅇ ^^
se****,5,2024-04-15,하나시켜서 먹어보고 효과있는거 같길래 재구매했어요 꾸준히 챙겨먹어볼게요!
gidd********,5,2024-04-12,상큼하고 기분 좋아지는 맛이예요! 꾸준히 먹다보면 효과 볼 수 있을 것 같아서 기대됩니당😍
nyj3***,5,2024-04-11,한달사용기얼굴 하얘진대서 사봣는데 그곤 모르겟고 맛잇어요 레티놀이랑 비타민 같이 챙길 수 잇어서 좋어요
ys99*****,5,2024-04-23,배송 빠르게 잘 받았습니다
avec*****,3,2024-05-08,"눈에 띄는 효과는 없으나 우선 먹어보고 있어요 
먹기는 편해서 좋아요."
tjda****,5,2024-04-25,"재구매꾸준히 먹어보려고 또
재주문했어영!!ㅋㅋ"
ican****,5,2024-04-23,"먹기편하네요
 점점 나아지길 바래봅니다"
qoth****,5,2024-04-25,복용한지 거의 한달째 들어가네요! 유튜버 추천으로 먹게 되었는데 놀랍게도 피부도 맑아지고 좋아졌습니다 ㅎㅎ 꾸준히 복용해보려 합니다.
jin9*****,4,2024-04-13,먹기두 편리하고 맛도 괜찮아요! 효과가 좋았으면 좋겠네요!
nbys***,5,2024-04-22,맛있고좋아요 만족 ㅋㅋ
aeji****,5,2024-04-04,한달사용기일단 이 제품을 먹고 나서 덜 피곤한 느낌?이 듭니다!  그리고 얼굴에 뾰루지가 잘 안나고 얼굴이 환해져서 좋아요! 재구매 합니다.
jooh******,4,2024-04-17,추천받고 구매했는데 일간 먹어봐야 알것같아요
heun***,5,2024-04-18,맛있고 기분인지 피부에 좋은거같아요
su_j*****,5,2024-05-14,한달사용기상큼하고 먹기 좋았습니다
hell******,5,2024-04-07,첨 구매해서 먹어보는데 꾸준히 먹어보고 후기 남길게요ㅎ 맛도 괜찮고 배송도 빨라요!
fgur****,5,2024-04-23,맛도 있고 영양가도 굿
rkdu*****,5,2024-04-08,피부가밝아진대서 구매했어요 샘플먹어보니 맛도 레모나 맛이고 괜찮은거 같길래 구매했습니다 꾸준히 먹어볼게요~!
sara******,5,2024-04-04,"배송빠르고 역시 맛있네요!!
예전에도 먹어본적있는데 상큼하니 좋습니다
잘 먹을게요"
bswd****,4,2024-04-07,물이랑 같이 먹으면 먹을만합니다! 아직 눈에 보이는 효과는 없지만 꾸준히 먹어보려고 해요
koes*****,5,2024-04-12,"가루형태임에도 먹기 편하네요
맛은 상큼하고
피부생각해서 꾸준히 먹으려구요"
semt****,5,2024-05-06,신거 좋아하는 제 입맛엔 맛있어서 재구매해용
codl***,5,2024-05-09,"맛있고 좋아용 다시
사러갑니다"
isee******,5,2024-05-10,한달사용기재구매한포씩 꾸준히 섭취중이에요
xkfk*****,5,2024-04-20,레티놀로 관리 해보려합니다 ㅎ
gony****,5,2024-04-24,"재구매먹는레티놀이라 궁금해서 주문했어요.바르는건 얼굴에 트러블이 생겨서요.
먹기편해요.효과는 좀더 지켜볼께요."
funn*****,5,2024-03-26,"부스터샷  구매하면서   피부관리도  같이하려고 주문했어요~
바르는건   제 피부에  맞지않아  고생했거든요~
간단하게  한포 섭취로  끝이니까~~너~~무 편리해요~
일단 1통주문해봤는데   더 주문 해야할것같아요^^"
hjjo*****,5,2024-04-02,두달치 구매했고 맛 괜찮아서 하나 더 구매했어요 얼굴에 나타나는 증상은 없지만 건조해요
aeji****,5,2024-04-09,재구매재구매했습니다! 섭취하면 얼굴이 환해지고 피곤함이 덜해요!
dlsk******,3,2024-04-19,꾸준히 먹어보겠습니다
ma****,4,2024-05-01,좀 다네요... 막 맛있진 않은 것 같은데 일단 먹어보려구요
yubo***,5,2024-04-25,첫 구매이지만 잘 먹어보려고요.맛도 있고 좋아요
le****,5,2024-04-01,"나쁘지 않아서 재주문했어요
다른 뷰티 제품과 같이 복용중이라 
제품만 특정지어 좋은지는 잘 모르겠어요ㅎㅎ"
bswd****,4,2024-04-07,피부가 예민한 편이라 직접 레티놀을 바르는 건 내키지 않았는데 먹는 레티놀이 있다길래 구매해봤어요
3362***,5,2024-04-05,레티놀 먹고 피부화사해졌다는 말 많이 들었어요 계속 꾸준히 먹어볼게용
mkds****,5,2024-04-08,한달사용기재구매맛있게 잘 먹고 있어요 드러나는 효과는 잘 모르겠지만 안먹으면 피부가 안좋아지는게 느껴지는ㅋㅋ 그래서 꼭 매일 한포씩 먹고 있어요 곧 재주문 할 때가 되서 곧 재주문 할 예정입니다~
dlal*******,5,2024-04-02,아직 확실한 효과는 못봤는데 꾸준히 먹어서 효과보고 싶어요. 맛은 딸기시럽약 맛나요.
ghdc*****,4,2024-04-02,"다른제품시키면서
눈에들어와서같이시켯어요 ㅎㅎ
먹기편리하고 맛도역하지않고괜춘합니더"
sooj*******,5,2024-03-21,"지인으로부터 몇봉얻어먹어보고 바로구매했어요
맛도좋고 효과도 최고예요
동생꺼랑 4달치구매했어요"
tpse***,4,2024-04-20,재구매요즘 트러블나고 흉도남아서 구매한지얼마안됐는데 또 재구매햇어요 효과있었으몈 좋겟어요
cola****,4,2024-03-28,"맛이 있고 새콤새콤한게 먹기 편해요
꾸준히 먹어서 피부에 도움이 되면 좋겠어요!!"
kub7***,5,2024-04-12,한달사용기더 먹어봐야알것같지만 좋아요
isee******,4,2024-04-02,"재구매종이 완충제 포장 하나 없이 제품만 덩그러니 왔어요
주문시 이런적 한번도 없었는데..
포장에 신경써주세요"
dsa2***,5,2024-05-13,한달사용기먹기편해요!!!!!!0
5564***,3,2024-04-26,가루약맛나요 생각보다 맛없어요
ioip*****,5,2024-04-28,한달사용기마싯어여 !! ଘ(੭*ˊᵕˋ)੭* ੈ♡‧₊˚ 최고에요 재구매 엄청 햇어요
viol*****,4,2024-04-16,상큼하고 먹기 좋습니다.
limj*********,5,2024-04-18,한달사용기먹기 편하고 뷰티 기능이 있어서 좋아요. 재구매할 의사가 있습니다
yk****,5,2024-03-28,"세일해서 싸게 구매했어요
맛은 가루비타민보다는 맛이 없어요
저는 그럭저럭 먹을만 합니다"
cat7****,5,2024-03-29,피부가 예민한 편인데 먹는걸로 관리좀 해보려고 구입했어요. 꾸준히 먹어보고 효과도 좀 있으면 좋겠네요
fare****,5,2024-04-11,꾸준히 먹어보면 효과있을거같아요
qldt****,5,2024-04-01,"첨에 유튜버들 리뷰보고 그냥 속는 셈 치고 올영 세일때 구매해서 처음 먹어봤어요
처음에는 그냥 그랬는데 이제 거의 한 통 다 먹어가는데 안색,결이 달라요
그리고 이번에 메타슬림 리뉴얼해러 5일치도 샘플로 보내준게 아주 좋아요
다들 한달만 먹어보세요 존좋"
lees********,5,2024-03-22,"배송 빠르고좋네요 맛이 이상할까바 걱정했는데
레모나같애요 ㅋ 맛도 좋고 꾸준히먹어봐야겟어요"
audx*****,5,2024-04-18,간단하게 먹기좋구요. 살짝 망고맛도나는거같다고해서 좋아요~
dbsq******,5,2024-03-30,전에 샘플 받은거 먹어보고 맛괜찮아서 주문해봤어요 기능식품은 아니여서 아쉽지만 효과 보길바랍니다...
sun5***,4,2024-04-03,먹기편하고 부드럽게 크리미하게 입에서 녹아서 좋고 맛도 맛있어요~~
lesl***,5,2024-04-25,바르는건 얼굴이 뒤집혀 져서 고민이었는대 먹는거라느까 부담없이 먹고있어여
29****,5,2024-04-02,간편하게 먹을 수 있어서 좋습니다. 효과도 잘 나타나길 바랍니다~!
hyen*****,5,2024-03-30,레티놀이 피부에 좋다고 해서 먹어보려구요 ! 효과 나타나면 더 구매할 예정입니다 :)
yode*****,5,2024-04-07,아주맘에듭니다가루가엄청고와여
ange****,3,2024-04-08,"바르는거 귀찮아서 마시는 걸로 샀는데 완전 만족합니다~  그냥 먹어도 맛있고 물에 태워먹어도 넘 맛나네요
 재구매각"
dh****,5,2024-04-01,샘플먹어보고 괜찮아서 구매했어요.기대되네요
kmh9****,5,2024-04-08,배송이빠르고좋아요 ㅎㅎ
nklu*******,5,2024-03-24,"한달사용기아주 좋습니다. 
만족합니다."
monk******,5,2024-04-19,배송잘받았어요 맛있어서 계속먹게되네요
paen***,5,2024-03-29,봄이라칙칙해진얼굴밝아지려구입했어요.아직복용전인데좋이지길기대하며구입했어요.
19****,5,2024-03-27,재구매간편하게 먹을수있고 맛있어요 효과는 아직모르겠지만 좋은것 같아요
dkst********,5,2024-03-28,"아직 먹어보진 않았고, 친구가 추천해서 샀는데
4포 사은품으로 받아서 넘 좋네요 ㅋ"
mang*****,2,2024-04-28,한달사용기너무 담 ㅜ 과당 많음
sjdl*****,5,2024-04-01,가루라 하나만 사봤는데^^ 시지 않고 먹기 편하네요~
gubi****,5,2024-04-15,"분말이 너무고와서 입안에서 잘녹아요.
맛있어서 또시켜요~"
gony****,5,2024-04-24,재구매먹기편리해요.효과는 좀더 먹아보고요.
tjda****,4,2024-03-29,"아직 먹고 있는중이라서
정확히 모르겠어영 ㅋㅋ
최소3개월은 먹어봐야죵 ㅋㅋ"
qkrg*******,5,2024-04-24,좋아요 만족해요 계속 먹을 것 같아요
10****,5,2024-04-02,"사은품 받아보고  좋은것같아 구매해 봤어요,
피부가 조금좋아졌음 좋겠어요,
기대해요"
gkst******,5,2024-03-24,"콜라겐이랑 같이 먹으면 좋다고해서
구입해봤어요!
많이 시지도 않고 괜찮아요"
lsj9***,5,2024-04-26,상큼하고  맛도 조으네요
tnfk***,5,2024-04-16,영양제이기때문에 꾸준히 먹어보려고요 언젠가는 효과가 있기때문에요
ktih****,5,2024-03-11,"레티놀 항상 화장품으로 사용해보고 싶었는데 부작용 걱정으로 사용못한 1인 입니다.
그런데 아모레에서 이렇게 식품으로 섭취할 수 있게 나와서 구매 해봤습니다.
맛도 새콤달콤 맛있어서 매일 빼먹지 않구 잘 챙겨 먹어보려구여~"
dmsr******,5,2024-03-27,효과가 좋으면좋겠어요 ㅎ배송은 엄청빠릅니다!
baek****,5,2024-03-23,"사르륵 녹아요
가격이 비싸서 조금 부담스럽지만 
좋아요 효과보길 바랄뿐"
mjs1*****,5,2024-03-28,"배송 매우 빨라요
24시간도 안되서 도착했어요"
clou****,4,2024-04-02,배송늦은거빼곤 좋음 저녁8시에 배송됨
0328*****,5,2024-04-24,"좋아요 재구매


좋아요"
mj33****,5,2024-04-04,확실히 차이있는거 같아요 3통째 먹는중
khjd******,5,2024-04-05,일단 먹어보고 후기 남길게요
jiny********,5,2024-03-26,미백에 관심이 생겨서 구매했어요~ 효과가 있으면 좋겠어요!
love*******,5,2024-04-18,"아직 먹어보기전이긴하지만
기대가 커요
꾸준히먹고 효과가 있었음 좋겠어요"
hobr****,4,2024-04-02,아직 먹어보지 않았지만 기대됩니다
love*******,5,2024-03-28,"먹는 레티놀이라니 신기해요 ㅎㅎ
꾸준히 먹어보려구요~"
tbvj***,3,2024-04-15,한달사용기여름이라 피부 건조때문에 먹어보았는데 상큼하니 좋아요
pqow****,5,2024-03-30,재구매도착보장 칼배송 잘 받았습니다
pqow****,5,2024-03-30,재구매도착보장 칼배송 잘 받았습니다
yoos*****,5,2024-04-06,간편하고 입안에서 사르르 녹아요 맛있게 관리 할 수 있어요ㅎㅎ 다음에도 구매 하겠습니다
miss****,5,2024-04-11,재구매배송도 빠르고 좋습니다! 만족해요
nobl********,4,2024-03-30,잘받았어요 잘먹을께요
iiii****,5,2024-03-26,재구매벌써 4달째 먹고있어요~피부 속당김도 많이 ㅈㄹ었고 안색도 밝아지는듯ㅋㅋㅋ
nayo*****,5,2024-03-25,벌써 두통째 먹고있어요 먹고 안색이 환해졌다는 얘기 몇번 들었어요 계속 꾸준히 먹으려구요! 맛도 있고 배송도 빠르고 가격 할인도 자주 해서 너무 좋아요
thgu***,5,2024-03-29,"사은품까지 몇포 더 받았네요
바르는 레티놀하고 같이 먹어보려구요
효과 있길 기대해 봅니다
먹기 편하고 맛도 좋아요"
luci*******,5,2024-04-09,바로 변하는것을 확인하진 못하지만 먹는걸로 쉽게 피부톤 개선을 도와주는게 좋어 꾸준히 먹으려고요
pyh9***,5,2024-03-25,맛도 괜찮고 효과가 있았으면 좋겠네욤 ㅎㅎ
dyk0***,5,2024-03-29,관리 좀 해보자 흐고 주문 ㅎㅎ
wody*****,5,2024-03-26,맛있고 먹기 편합니다
alsd*****,3,2024-04-11,효과가 있는지는 잘 모르겠지만 꾸준히 먹어보려고 합니다
tpse***,4,2024-04-04,"사이즈도 작고 이지컷팅도 잘되고 맛도 달달해요 
효과가 좋았으면 좋겠어오"
pksk****,5,2024-03-10,샘플로 먹어보고 조아주문해요.레티놀 바르고싶었는데 먹으면 효과더있겠죠?
thee*********,5,2024-02-29,이너뷰티때문에 주문해봤어요.  비타민 E랑 아연까지 잘 배합되어 있어요! 피부과 다소 예민해 먹는 레티놀로 선택했는데 먹기 편하고 맛도 좋아요. 잘먹겠습니다!!
huji***,5,2024-04-16,한번더먹고 후기 더 남겨볼께요
yyy4***,5,2024-03-26,먹어보고 재구매입니다
tina****,5,2024-03-21,배송도 빠르고 제품 자체도 만족스럽습니다.
keh6***,5,2024-03-13,레티놀 화장품 바르면 늘 트러블 때문에 고생했는데ㅈ먹으니 좋네요..효과는 아직..꾸준히 먹어보려구요
appl******,5,2024-03-22,배송빠르고조아오..
wjdw*****,5,2024-03-18,맛있어요 ! 효과있었으면 좋겠어요
king*****,5,2024-03-21,재구매배송도 빠르고 제품도 만족합니다
king*****,5,2024-03-21,배송도 빠르고 제품도 만족합니다
kjy0***,5,2024-03-05,배송이 진짜 빨라서 너무 좋네요! 아직 먹기 전인데 효과있길 바라며 꾸준히 먹어볼게요:)
miju******,4,2024-04-13,꾸준히먹어볼생각입니다~
naeu******,5,2024-03-19,먹기 편하고 맛도 체리향같아서 거부감 안들어요~
2yee***,5,2024-03-11,"한달사용기너무 시지 않고 맛도 딱좋아요!! 
추가구매 예정입니다"
g2****,5,2024-03-22,"점심 때 밥 먹고 챙겨먹고 있어요 !! 
아직 눈에 띄는 효과는 없지만 꾸준히 뭘 먹는다는 것 자체로도.. 😂
다 먹으면 다시 올게용 감사합니다"
lhji******,3,2024-03-13,맛도 괜찮고 편리한데 제품 자체는 저한테 잘 맞지 않았어요 ㅠ
shin********,4,2024-03-18,얼굴에 레티놀 바르다가 귀찮아져서 그냥 먹는걸로 타협봤습니다 아무렴 직접적으로 바르는것보다야 효과가 떨어지겠지만 그냥 기분이라도ㅎ 맛있어서 식사 후 먹으면 딱입니다
goon*****,5,2024-03-22,만족합니다만족합니다
anst******,5,2024-03-24,요즘 남자친구 피부가 너무 칙칙해보이고 피곤해보여서 하나 사줘봤어요 ㅎㅎ 맛있다고 하네용 효과는 좀 더 지켜봐야겠어요
dr****,5,2024-03-29,재구매먹을때는 효과를 모르겠는데 잠깐 안 먹었더니 안색이 다르네요. 꾸준히 먹어야겠어요.
grey*******,5,2024-03-17,한통 먹었는데 다들 피부가 좋아졌다고 해서 한통 더 샀어요!
kpra*****,5,2024-03-28,한달사용기두달째 먹고있어요 가격도 저렴하고 비타민이랑 레티놀을 한번에 먹다니 편해요
qpal*****,4,2024-03-25,시다못해 입에서 쓴맛이 나네요피부에 조타고해서 먹어보려고해여
top1***,5,2024-02-23,"BEST피부가 개복치라서 검색중에 우연히 알게된 레티놀! 무엇보다 피부과 전문의와 공동개발한 제품이라 안심이 되고 , 기분탓인지 이걸 섭취한 뒤로는 여드름이 덜 올라오는 느낌입니다 . 한달 먹어보고 추가 주문했아요"
agar*******,5,2024-04-03,맛도 있고 피부에도 좋아서 챙겨먹어요
dohy******,5,2024-03-31,맛은 글쌔 그냥 먹기보다는 물에 타서 마시면 먹을만하네요
kan_******,5,2024-02-27,"한달사용기1. 너무 맛있음 너무 시지 않고 새콤한 약간 사과향이 나는 분말 타입
3. 분말이 엄청 고와서 입에 넣자마자 녹음 먹고 티라미수 처럼 기침 안 나옴
4. 관리하는 느낌 낭낭
5. 레티놀 바르는 것만 사봤는데 좋다해서 이제부터 꾸준히 먹으랴고여!!!!

진짜 조음!!더보기"
ipol***,5,2024-03-16,아는 동생이 먹길래 저도 사봤어요
mama***,5,2024-03-12,"한달사용기맛은 딸기가루약같이 상큼해요
효과는 조금더 먹어봐야 알것같아요!"
anss********,4,2024-03-30,"재구매두번째구매인데
맛도괜찮고
먹기도좋고
피부가맑아진느낌입니다~"
dldk****,4,2024-03-30,판토텐산이 고함량이라 그런지 이 제품 먹으면 피부가 너무 건조해져서 중단했어요ㅠ
duwl*****,4,2024-04-08,꾸준히 먹어보려구요!
lkhl*******,5,2024-03-30,"계속 챙겨먹고 싶어요.
많이 할인해주면 좋겠어요"
samp****,5,2024-04-07,먹음 얼굴이 좋아지는 느낌이 들어요~~  ㅎㅎ
shiy******,5,2024-04-02,새콤달콤 먹기편하게 한포씩 되어있어요
alam*****,5,2024-03-12,한달사용기맛있고 피부가 환해지는 기분이에요 굳
bonn******,5,2024-03-13,먹는 레티놀로 관리해보려고 샀어요!
jh****,5,2024-03-09,2달정도먹었는데 피부가 환해지고 피부트러블이줄었어요
shaz*****,5,2024-03-16,안먹는거보단 먹는게 도움이 된다고 하니 꾸준히 먹어보려구요! 먹기 편리하고 맛도 좋아서 먹기 좋네요^^
o__c*****,5,2024-02-13,올리브영에서 샘플 받아서 먹어보고 좋아서 구매해요! 먹고나니 얼굴이 환해진 느낌이고 덜 피곤하더라구요. 평소 비타민을 안챙겨 먹어서인지 효과가 더 좋은 것 같아용 굿굿
rhee******,5,2024-02-06,"한달사용기퀘르세틴은 처음 들어봤는데 앙파에 들어가 있는 추출분말이라고 하고 유산균도 들어가 있어서 건강에 관심이 많아 먹기 시작 했어요.
레몬맛에 달지 않고 먹기 편해서 꾸준히 섭취했는데 화장실도 잘 가는편 이였어요."
tjgu****,5,2024-03-19,"한달사용기먹기 편리한데 ㅋㅋㅋ 레모나처럼 맛있을줄 알았는데 
레모나에 포카리 느낌이에요"
sj****,5,2024-03-20,재구매먹기 불편하지 않고 잘 넘어가요~효과가 있었으면 좋겠네요
sall*******,5,2024-02-16,조금 더 먹어봐야 효과는 알겠지만 엄청 새콤하고 살짝 그 가루약 맛이 나요 신경쓰이는 정도는 아니예요! 피부가 좋아지길 바라며 꾸준히 먹어보려구요
mkds****,5,2024-02-29,"한달사용기벌써 세번째인가 네번 재구입했고, 확실히 먹을 땐 잘 모르겠는데 안먹고 몇일 지나면 피부가 좀 탁해보인달까.. 무튼 맛도 괜찮고 이젠 하루에 한포씩은 꾸준히 잘 먹고 있어요 앞으로도 계속 주문하게 될 것 같네요"
ange*******,5,2024-03-04,배송 빠르고 좋아요.
woni*****,5,2024-03-04,피부에  좋다고해서 와이프  선물해줬어요
tryi****,4,2024-03-29,배송이 편리합니다.
anss********,4,2024-03-18,"딸이랑
같이먹엇는ㄷ니ㅣ
딸도맛잇다고하고
먹기도편리해요
재구매해야겟네요"
youn********,5,2024-02-26,아직 먹은지 얼마 안되서 효과는 모르겠지만 잘 녹아서 편리해요!
mytw******,5,2024-02-21,먹고 있던 제품이예요. 섭취하기 편하고 맛도 좋아서 만족합니다.
mkds****,5,2024-03-06,재구매지난번에 주문한 거 아직 다 안먹었는데 미리 주문했어요~ 이번에도 주문하고 다음날 바로 도착했구요 한달간 또 잘 먹겠습니다 ~
an****,5,2024-01-26,"우선 배송도 빠르고 맛도 좋아요 !! 비타민씨 가루와는 좀 다른 맛인데 전 레티놀이 더 맛있네용 ㅎㅎ 
그리고 일반적인 가루는 씹고 삼켜도 잔여물이 남아 물을 꼭 마셔줘야 하는데 얘는 뭔가 특이한 포뮬러에요 ! 
침 닿자마자 부드럽게 녹아서 액체 같은 느낌이라 더 좋네요 ㅎㅎ 꼬박꼬박 잘 챙겨먹어볼게용 !"
gyan******,5,2024-03-04,"한달사용기매일매일 열심히 먹어본 결과 미세하지만 얼굴이 맑아진 느낌도 들고 생기가 돌아요!! 
그래서 더 꾸준히 먹으려구요!
그리고 맛도 있어서 아주 만족스럽습니다!"
lyjj****,5,2024-03-04,먹고 효과많이봐서 꼭 챙겨먹고있어요~
ioip*****,5,2024-03-21,조어요  마싯러요 굿굿
litt****,5,2024-03-12,"맛이 새콤하긴 한데 먹을 만해요 
효과가 있으면 좋겠어요"
xheh******,5,2024-03-07,우선 먹기 편하고 입에 넣으면 사르륵 녹고 맛도 비타민먹는 느낌임 그리고 챙겨 먹으니까 진짜 좋아지는 것 같은 느낌 듦
sunt*****,5,2024-03-25,잘먹을께요 감사해요
dsa2***,5,2024-03-30,좋아요.......
0103*****,5,2024-03-01,하나씩  맨날  먹고 자요 마싯어요 !!
limj*********,5,2024-03-08,먹기가 편하고 맛도 나쁘지가 않아요. 뷰티 효과 기대합니다
dawn*******,4,2024-02-14,"이제 먹기 시작해서 효과는 아직 잘 모르겠지만 먹는 레티놀이 신기했네요 ㅎㅎ
열심히 먹어볼게요"
inap***,4,2024-02-27,물 없이 먹을 수 있어서 편해요~
say2***,5,2024-03-19,필요해서 구매했어요 더 예뻐질께요^^
yuni****,5,2024-02-15,맛있고 간편해요!! 음 피부 좋아지는건 아직은 잘 모르겠는데 꾸준히 먹어볼려구요
l_sj***,5,2024-02-28,배송빠르고 좋어ㅣ용
iiii****,5,2024-02-15,한달먹어보고 확실히 안색이며 피부결 개선에 도움이 되서 또 구매했네오ㅋㅋㅋ
thak*****,5,2024-02-16,일단 너무 맛있어요 !! 효과 기대해봅니다
smar*******,3,2024-02-16,맛도 생각보다 괜찮고 거부감없는데 효과는...두개씩 먹어봐야 할듯
tyjk****,5,2024-02-19,피부 생각해서 주문해봤는데 꾸준히 먹어보고 후기 남길게요 -!
ruds******,5,2024-02-04,한달사용기한 달만 먹어봐서 눈에 확 띄는 효과는 없지만 뭔가 화장이 잘 멱는 느낌이있어요!! 꾸준히 챙겨먹으려고 또 구매했습니다 ㅎㅎ
hope****,4,2024-02-24,재구매꾸준히 먹고 있어요. 맛도 좋아서 먹기 부담스럽지 않아요. 배송 다음날 바로 됐어요. 계속 먹을 생각이에요.
tbvj***,5,2024-03-10,포장잘되어있고 배송이 정말 빨라요
gusw****,5,2024-03-05,한달사용기뭔가 피부가 좋아진 것 같기도 해요!! 일단 맛있어서 잘 챙겨먹었어요 ㅋㅋㅋ
skyb****,4,2024-02-05,"아직다 안먹어서 4개별.
맛은 새꼼하고
거부감없고
가지고다니기에도 편해요

효과는 일단먹어보고
적어야할듯요더보기"
wlsg******,5,2024-02-20,너무 좋아서 잘먹고있습니다
pury****,5,2024-02-21,먹기전인데 후기 좋아 구매했습니다
lje5***,5,2024-03-12,한달사용기꾸준하게 먹으면 효과있을 거 같아요
jjun****,5,2024-02-23,먹기편하고 좋아요!!
djwl****,5,2023-11-08,"레티놀도 이제 바르는게 아니라 먹는 걸로도 할 수 있다하여 혹한 마음에 구매해봤습니다. 바이탈뷰티제품은 여러개 섭취해보고 효과나 맛 모든 것을 만족한 제품이라 이번에도 믿고 먹어봤는데요. 일단 비타민답게 노랑 노랑한 패키지로 30포가 들어가 있더라구요. 비닐로 묶음되어 있어 3봉에 각 10포씩 들어가 있는 슈퍼레티놀C.
한포가 손만한 작은 크기로 가루형태 더라구요. 그냥 가루채로 먹으면 진하게 나서 좋은데 저는 물에 타서 시원하게 먹는 것이 좋아 물 조금과 함께 가루 타서 마셔줍니다. 개인적 항상 효과를 볼 때는 피부에 바르는 것 뿐만 아니라 음식물 섭취도 병행해서 해줘야 배의 효과를 느낄 수 있다  생각하는데 이 슈퍼레티놀C가 그런 부분을 해결해주고 있어 너무 좋아요!
이번에는 신상이라 궁금해서 구매해봤는데 나중에 좀 더 할인하면 많이 해서 재구매할까 생각 중! 꾸준히 섭취해주면 피부 미백과 피부 생기는 확실히 효과를 볼 수 있을 것 같습니다.
특히나 피부의 건강함이 올라오는 것 같아 역시 피부는 관리를 해주면 효과가 나타나네요. 현재 아직 2포째라 급변화는 없지만 칙칙함이 살짝 덜해지니 생기가 있어보이는 효과가 보이긴 했어요.
추가로 맛은 역시나 비타민c답게 아주!!! 상큼하니 달달한 맛도 올라와서 찾아보니까 망고과즙도 들어가 있다고 하더라구요. 맛도 괜찮아서 꾸준히 먹기에도 좋았습니다. 상큼함이 강렬해서 저는 물에 타먹고 엄마는 가루채로 먹는데 진하게 느끼고 싶은 분들이라면 가루로 추천! 저도 맛은 가루로 먹는게 더 맛있긴한데 물에 타 먹는게 수분 충전도 돼서 타 먹는 편입니다~! 개인 취향에 맞춰 먹으면 좋을 것 같아요. 이제 비타민C만 챙기지 말고 레티놀도 다함께 챙겨봐요! 꿀피부는 정말 관리하는 사람의 특권이듯...관리를 해줘야 효과를 봅니다!더보기"
nobl*******,5,2024-02-21,먹어보고 또 주문했어요 ~~~
ysyu****,5,2023-12-18,"BEST일단 아모레+레티놀 영양제 조합이라 믿고 구매했어요
맛: 위가 좀 약한 편이라 아주 신 맛이 나는 영양제는 정말 못 먹는 편인데 이건 나름 먹을만 했어요 그치만 결론적으로 맛이 있냐하면 맛있진 않아요...ㅋㅋㅋ어릴 때 먹었던 딸기맛 해열제를 가루로 만들고 약간의 신맛을 첨가한 맛이 나요

효능: 비타민 a,c,d,e랑 판토텐산, 레티놀 들어있는거 보고 안색개선과 호르몬성 뾰루지 예방, 약간의 피로 회복효과를 생각해서 샀는데 전 만족해요 재구매의사 있어요더보기"
a_yu*****,5,2024-02-09,레티놀에 관심을 가지다가 먹는레티놀을 알게되어어요 그런데 딱 궁금했는데 양도 넉넉히 보내주셔서  다 먹고 본품도 구매했어요
heys********,4,2024-02-22,여름애 그늘린 피부는 보통 겨울에 돌아오는데 더디네요 하얘지길 기대하며 구매했습니다. 상자 안에 또 포장돼있어서 과대포장느낌이 났어요
chi7***,5,2024-01-05,"평상시에 영양제를 잘 챙겨먹는 1인으로서 아모레뷰티의 신제품을 안먹어볼수가 없겠더라구요!!
바르는레티놀만 쓰다가 먹는레티놀이 나왔길래 1통만 우선 먹어보자 하고 주문했습니다.
양은 일반적인 레모나보다 약간 많은것 같고 물에 타먹던지 가루 따로 물따로 먹어도 될것 같습니다.
맛은 흠ㅎㅎㅎ맛있지는 않아요.
평상시 먹던 비타민씨와는 전혀다르고 어렸을때 먹기싫었던 그 딸기시럽맛이 강하게 납니다ㅎㅎ 그래도 건강에 좋은게 어떻게 맛까지 좋겠나 싶은 생각으로 열심히 먹어보려구요ㅎㅎ더보기"
cute***,5,2024-02-20,"한달사용기30포 먹고 좋아서 60포 재주문했습니다~
피부가 좋아지는건 잘 모르겠는데 확실히 피로감은 없어지는 듯해요? 플라시보 효과일지도 모르지만요 ㅎㅎㅎ 그래서 꾸준히 먹어볼까 합니다!"
astr********,5,2024-03-07,간편하고 부담없이 먹을수잇어 좋아요
nama****,5,2024-03-11,세번째 구매하는 제품이에요
kimr***,5,2024-02-10,한달사용기상큼하고맛있는데 피부에도 좋다고 해서 꾸준히 챙겨먹어요
mkds****,5,2024-02-22,"한달사용기재구매맛도 있구, 진짜 피부에도 효과가 있는 것 같아서 (안먹으면 티가 나더라구요) 또 구매할 예정입니다~"
ssae*****,5,2024-03-04,맛도 갠츈 특별한 효과는 모르겠으나 꾸준히 복용해보려구요
gkrr******,5,2024-02-28,"맛있어서 하루에 두개 먹게 되네요
효과도 있는듯요"
ange********,5,2024-02-27,먹기 편하고 좋아요. 효과는 계속 먹어봐야 알 것 같아요.
shup*****,5,2024-02-14,배송도 빠르고 물건도 좋아요
kor0*****,5,2024-03-27,재구매만족합니다 만족합니다
kor0*****,5,2024-03-27,재구매만족합니다 만족합니다
jami*****,5,2023-11-09,"와 10일에 택배 받고싶어서 일부러 8일 저녁 7시에 주문했는데 9일 오전 10시에 도착했습니다. 계획과 달라졌지만 기분 좋네요. 
바르는 레티놀은 밤에만 발라야한다던가 자극이 있는 등의 제약이 많아서 사기 전에 망설이고 고민은 많이하는데 이 제품은 먹는 거라 그런 제약이 없어서 좋네요. 
그리고 가루, 액상 영양제 고를 때 중요한 것 중 하나가 맛이거든요. 맛이 없으면 먹기 싫고 먹는것 자체가 스트레스인데 바이탈뷰티 제품답게 이 제품도 맛있어요. 레모X까지는 아니지만 약간 새콤한 맛이 곁들어진 달달한 맛입니다. 역시 영양제 맛집, 바이탈뷰티👍
그리고 가루인데 티라미수처럼 목에서 걸려서 기침나오는 가루가 아니라 그냥 혀에서 사르륵 녹는 가루입니다. 가루형태 잘 못 드시는 분들도 잘 먹을 수 있을 것같아요.
또 레티놀 제품임에도 비타민C, E, D, 판토텐산, 아연이 1일 섭취량보다 충분하게 들어가 있어서 비타민 B군제품만 섭취하고 있는 저에게 딱 좋은 제품같아요. 
앞으로 한 달 간 꾸준히 먹어보겠습니다.

+)소포장 제품 각각마다 이지컷은 당연하고 유통기한도 적혀있어서 좋네요. 가방 속에 뭉탱이로 넣고 다니다보면 언제 넣은건지 까먹어서 먹기 찝찝할 때도 있는데더보기"
ph13***,5,2024-01-21,"한달사용기레몬맛을 좋아하는데, 아주 저한테 딱 맞는것 같아요. 얼굴 피부가 많이 촉촉해져서 너무 좋아요."
kboh****,5,2023-12-28,"한달사용기매일 두개씩 먹다보니 다 먹었어요! 제가 비타민 관련 제품이 잘 안맞아서 혹시나해서 처음엔 1포씩 먹었는데, 괜찮아서 2포씩 먹고있습니다ㅎㅎ 우선 맛이 끝내줍니다ㅋㅋㅋ 새콤하고 입맛없을 때 먹으면 입맛이 생길 정도..ㅎ 가루가 고와서 몇번 털어먹어요! 그만큼 부드럽고 거부감 없어요! 바르는 레티놀보다 먹는 레티놀이 갖고다니기도 편하고 짱 좋아요ㅎㅎ"
syj4***,5,2024-01-01,"낱개포장이라 가볍게 먹기 좋아요! 요즘 여드름 고민때문에 구매해봤구, 아직 3일차라 솔직히 효과는 크게 모르겠지만 비타민이나 다른 영양성분도 많이 있어서 영양제 대신 먹어주자는 느낌으로 먹고있습니다!
맛은 솔직히 개인적으로 감기약 맛나고 쓰다해야될지 떫다해야될지 시다할지 뭔가 그런 느낌이에요! 먹어보고 피부에 효과가 있다면 재구매 의사 있습니다!"
79al***,4,2024-01-31,"https://blog.naver.com/rorabest


콜라겐 매번 잘 챙겨먹고 있습니다.

엄마도 너무 좋아해요!

가격이 근데 변동이 가끔 있어서
아쉽습니다.더보기"
mkds****,5,2024-02-23,재구매배송 정말 빠르네용 감사합니다 이번에도 재구매했고 잘 먹을게요~~~
eunj******,5,2024-01-26,"한달사용기입자가 고와서 먹기 부담 없었구요.
피부에 도움이 되는 느낌적인 느낌이~~~~^^"
301w******,5,2024-02-09,배송도 빠르고 제품도 좋아요
thdu*****,5,2024-02-13,우연히 알게되서 먹어봤는데 맛도 갠찮고 효과는 아직모르겠지만 뭔가 안색이 좋아진?느낌이있고 꾸준히먹고 효과봤음 좋겠네요
kong****,5,2024-01-19,한달 정도로 효과가 있다 없다 말하기는 좀 그렇지만 일단 맛있어서 먹을때마다 기분이 좋아요 ㅎㅎ 간식처럼 살짝 입 심심할때 먹으면 비타민 보충도 되고 좋은 것 같아요
yosh******,4,2024-02-13,먹는 레티놀! 기대가 큽니다~
lave********,4,2024-02-09,한달사용기피부가 점점 환해지고 맑아지는 것 같아요~
byra***,5,2023-11-15,"레티놀이라고 하면 바르는 것만 알고 있었는데 이번에 먹는 레티놀이라고 해서 사봤는데 먹기에 불편함이 하나도 없고 맛있어서 너무 잘 산 템 중에 하나가 됐어요.
달콤한 맛이 제일 먼저 느껴지면서 새콤한 맛이 감도는데 이게 정말 너무 맛있더라구요. 먹고 나면 또 먹고 싶어지는 불량식품같은 그런 유혹적인 맛이라서 저 한포 더 먹을 뻔 했잖아요? 비타민D와 아연도 있어서 풍부하게 채워지는 느낌도 들어요! 저는 다른 영양제를 안 먹고 있어서 특히나 그런 느낌일 수도 있구요.
그리고 알약이 아니라 너무 좋아요. 알약을 못 먹는 저로써는 정말 행복해요. 특히나 맛있는 가루타입이라니.. 입자가 아주 고운 가루라서 콧바람에도 날아가지만 입 안에 들어가면 사르르 녹아서 치아에 끼지도 않고 좋았어요. 어느 정도 먹어야 효과를 볼 거 같은데 전 3일째 복용인데 아직까진 잘 모르겠어요. 한달 뒤에 복용 후기 남기러 올게요!더보기"
y0****,4,2024-01-18,"새로 보여서 주문해보았어요:) 맛은 쏘쏘합니다
괜찮으면 구매해서 쭉 먹으려구요ㅎㅎ 간편하니 역시 포장으로 되있는게 짱 좋아요"
zing****,4,2024-02-06,더 먹어봐야겠지만 효과가 있는 것 같아요!
jj****,5,2024-02-06,상콤하고 일단 여드름이 적게 나는 것 같아요
jjs5*****,5,2024-02-22,한달사용기먹기도 편하고 맛도 괜찮아서 다음에도 재 구매 하고 싶어요.
eagl*****,5,2024-01-05,바이탈뷰티제품은 아묻따 믿고 사먹는데요 이번에 평소먹던 비타민을 재주문 할까하고 들어왔는데 레티놀이 눈에 들어와서 이 제품으로 주문했어요 일단 맛있는 비타민 맛이고 먹었을때 이상반응은없네요~! 효과가 좋은지는 한달 후에 다시 올게요!!
wlsd****,5,2024-02-29,꾸준히 먹어보려구요요요
pink****,5,2024-02-06,맛이 상큼하면서 먹을만해요 꾸준히 먹으려구요
lesb******,5,2024-02-27,소문듣고 구매했어요!
mesu****,4,2024-01-29,레티놀 먹는건 처음인데  효과가 있었으면 좋겠어요  먹기도 편하고 맛도 좋아요
ok48***,5,2024-01-31,"한달사용기꾸준히 먹고있는데요
이 제품 때문인지 모르겠는데
피부가 엄청 좋아졌어요"
0605***,5,2024-01-25,좋아하는 맛은 아니지만 간편하고 효과가 좋길 바라며 구매합니다 배송도 빨라서 잘 받았습니다^^
jhjy****,5,2023-12-29,"한달사용기요즘 제가 꾸준히 챙겨먹고 있는 슈퍼 레티놀C!!!💛

레티놀은 화장품으로만 사용해봤었는데, 뷰티푸드로는 이번에 처음 먹어봤어요!
상큼한 맛이라 매일 먹기 좋고, 간편하게 손으로 뜯어 먹을 수 있어서 가지고 다니면서 먹기에도 편해요!

꾸준히 섭취하면 피부에 좋다고하고, 레티놀 화장품이랑 같이 사용하면서 먹어도 좋다고 하던데 저도 꾸준히 먹어보려합니당ㅎㅎ
피부고민 있으신 분들은 슈퍼 레티놀C 츄라이 해보세요~~~더보기"
gusg******,5,2024-02-25,한달사용기피부가 약간 깨끗해진거 같아요
ec****,5,2024-02-21,새콤달콤 맛도있고 휴대하기도 간편해서 잊지않고 챙겨 먹게 되네요 ^^
jiwo*****,5,2024-02-15,한달사용기맛없을까봐 걱정했는데 생각보다 맛은 꽤 괜찮아요
love****,5,2023-11-12,"레티놀 화장품이 저한테 잘 맞아서 꾸준히 쓰고 있었거든요. 그런데 먹는 레티놀이 나왔다고 해서 냉큼 구매했어요. 레티놀 화장품은 아무리 원데이 제품이 나왔대도 선크림 꼭 챙겨발라주고 낮에 바르면 신경쓰이긴 했는데 
효과가 비슷하다면 먹는 제품은 그런 고민이 없으니 더 간편하고 좋은거 같아요.
물론 둘을 같이 병행한다면 더 좋은 효과가 있지않을까 기대중입니다ㅎㅎ

총 30포 용량이고 10포씩 개별포장 되어있어요.
하루에 1-2포 먹으라는데 비타민A 용량때문에 1포만 먹고있어요.
일단 가루가 밀가루마냥 정말~곱습니당 맛은 진짜 맛있어요. 진짜 상큼!해서 젤리도 신맛만 먹는 저는 너무 기쁜마음으로 먹고있어요. 맛만 생각하면 하루에 한통 다 끝낼수도 있을듯ㅋㅋ
비타민, 아연까지 들어있는 제품이고 바이탈뷰티야 워낙 믿고 먹는 브랜드라 안심하고 먹습니당
일주일정도 챙겨먹었는데 기분탓인지 몰라도 낯빛이 좀 밝아진거 같기도 하구요? 앞으로도 꾸준히 챙겨먹어보고 또 후기남길게요!더보기"
jeon*******,5,2024-01-11,한달사용기슈퍼레티놀 꾸준히 먹으면서 피부생기도 좋아지고 활력도 생겼어요 무엇보다 먹을때 뭔가 액체를 마시는 기분이 드는것처럼 목넘김 좋았어요 신기한 경험이었어요
wmfz*****,5,2024-02-13,상큼하니 맛잇어요 아직 효과는 잘 모르겠지만 꾸준히 먹어보려구요!
phly***,5,2024-01-29,한달사용기항산화에 효과가 있다해서 꾸준히 먹으려구요
alfk*****,5,2024-01-23,맛은 약간 새콤한데 먹기 편하네요! 꾸준히 먹어보려구요
jump***,5,2024-01-09,레모나처럼 새콤달콤해서 그냥 맨입에 먹기 편리해요. 맛있어서 먹기 불편하지도 않고 좋네요! 비타민c와 레티놀을 같이 섭취할 수 있는게 좋은 것 같아요~ 앞으로도 꾸준히 먹을래요
jeaq******,5,2024-03-09,잘받았습니다잘받았습니다
kong****,5,2024-01-26,한달사용기맛있고 뭔가 피부도 매끈해진 느낌이에요
doro*****,5,2024-01-16,"새콤한 맛이라 이거 먹으면 식욕 올라와요 ㅋㅋ
맛도 좋구 목넘김도 편하네여"
1lit*******,5,2023-12-28,"한달사용기처음 배송 왔을땐 상자 하나가 안전하게 포장돼서 왔어요!
받자마자 해체했습니당 하나하나 개별포장이라 먹기 편해요 뜯는곳도 잘 뜯겨요
맛은 약간 신맛? 뭔가 고소한것 같기도 하고 먹을만해요
아무리 건강식품이라도 맛없으면 역겨워서 먹기 싫은데 불편함 없습니다!
배송 온뒤로 꾸준히 먹고있는데 원래 비염이 심한편인데 기분탓인진 몰라도 지금 날씨가 추운데도 평소보다 콧물이 잘 안 나요
화장실도 매일매일 잘 가고 있는데 좋은것 같습니다더보기"
hjso***,5,2023-11-15,"겨울이 되면 여름에 탄 피부 때문에 더 브라이트닝에 신경쓰게 되는것같아요 하지만 그사이 환절기에 찬바람까지 더해져 민감피부가 미백제품을 바른다는건 상당히 어려운 일이거든요
그러던중 바이탈뷰티에서 신제품이 나왔다는 소식에 먹어보니 역시나 기대를 저버리지 않고 잘뽑은 제품이었어요 일단 효과고 뭐고 꾸준히 먹어야 좋는거잖아요? 꾸준히 먹는다는건 또 뭐겠어요 맛이 있어야 계속 먹죠!! 먹는 레티몰 맛있습니다. 처음에는 무슨 맛인거지? 그러다 10개가 들어있는 한 봉을 다 먹으면 괜찮네 싶어서 찾게되고요 포장도 포로되어 휴대성 좋고 포에든 가루만 고와서 입에 넣어도 금방 녹아내려서 간편하고요

한개는 네이버 스토어 한개는 다른 몰에서 공식으로 구매했습니다 서로 다른 기획이지만 구매일이 비슷해서 그런지 같은 날 제조한 제품이었어요 다른 유통과정 똑같은 제품이라 행운같고(?) 뜻밖의 포인트에서 기분이 좋았답니다더보기"
wodn*****,5,2023-11-07,"✅️ 구매동기:  혹시, '먹는 레티놀' 들어보셨어요? 저는 그동안 바르는 화장품으로만 만나봤는데요 민감한 피부에는 자극이 될 수 있고 익숙해지는 데 어느정도 시간이 걸리다보니 사용하는데 부담이 되었거든요?! 그런데 먹는 레티놀이라니..못참아요.

✅️ 여름철에는 피지와의 싸움이었다면, 환절기에는 건조하고 날씨가 들쪽날쪽하다보니 결이 거칠어지기 일쑤고, 메마르고,
생기라고는 찾아볼 수 없는 힘없는 모습 ㅠㅠ 매끈한 결과 건강한 턴오버 주기를 찾기 위해서는 Vitamin A 측 retinol이 필요한데요 
👉 모링가추출물의 식물성 레티놀 캡슐이 체내 이용율을 높이고 비건 성분으로 안심하고 섭취 가능해매일 1-2포 꾸준히 섭취하고 있어요

✅️ 패키지가 산뜻하고 예삐요! 근래제얼굴은 칙칙하고 흑빛에 가까워 맑고 깨끗한 톤케어가 필요했는데요 항산화베리, 너-시스테인, 헤스페리딘(귤피추출물) 함유로화사하고 맑은 생기를 충전할수 있고요 고함량의 판토텐산과 비타민D, 아연이 들어있어 투명한 광채 또한 기대해볼 수 있겠더라고요

✅️ 맛은 시트러스의 상큼함고 망고의 달달한 향이 나는 상콤달콤한 향으로 부담없이 먹기좋더라고요!
👉 그냥 먹어도되고, 물에 타먹어도 좋아요! 저는 그냥 먹는게 더낫더라고요!더보기"
li****,5,2023-11-15,"바이탈뷰티 슈퍼레티놀C 는 우리가 흔히 알고있는 파우더형 비타민제라 휴대, 섭취가 용이한 1포타입의 간편제품이에요.

레티놀이라하면 피부결, 턴오버주기에 효과있는 성분이라 피부에 관심이 있으신분들은 이미 레티놀화장품 써보신 분들도 많을텐데 그 바르는 레티놀을 먹을수도 있도록 시판된 제품이라 궁금해서 구매해 보았어요.
먹는 레티놀을 본 적이 없어서, 처음 보는 새로운 뷰티서플리먼트라서 기대가 되더라구요.

제형은 물없이도 금새 스르륵 잘 녹는 파우더타입에 맛은 약간 트로피컬바이브가 느껴지는 시트러스 과일맛이고 입자가 워낙 부드럽고 입안에서 빠르게 잘 녹아서 입자끼리 엉기거나 잔여감이 남는 그런 불쾌감이 들지않는 깔끔한 비타민파우더 맛이라서 마음에 들었어요.

전반적으로 괜찮은 제품이라는 생각을 하는데 무엇보다 간단하게 피부에 좋은 비타민C와 레티놀을 먹을 수 있는 장점이 있어서이고, 다만 성분표보시면 기존 섭취중인 멀티비타민제품과 함량을 잘 보시고 겹칠수 있는 건 과하지않게 섭취하도록 주의해주시면 될 것 같아요.더보기"
star*******,5,2024-01-12,"유튜브에서 피부과 의사가 추천하는 거 보고 구매했어요
레모나 맛에 좀더 달달 상큼함이 추가된 맛이에요."
geni******,5,2024-01-03,"저번에 화장품 주문하면서 증정된 레티놀비타민먹어보고 일단 맛나고 성분도 여러가지 들어있길래 좋을거 같아서 주문해봤어요 
효능은 좀 먹어봐야 알겠지만 안 먹었을때보단당연히 다르지않을까해요
맛있게 먹으면서 건강도 피부에도 도움이 된다니까 일단 잘 챙겨먹어보려고요"
mang*****,5,2024-01-30,올리브영이 품절이네요 비타민 a 부족이라 약국에 따로 안팔아 찾아보다 구매햇네요. 계속먹어볼게요 맛은 오란씨 같아요
tsch***,5,2024-01-10,"한달사용기퇴근시간되면 녹초인데..  
바이탈 슈퍼레티놀C 섭취후 가뿐합니다.
한포씩 먹기 간편하고, 
비타민이 매우 풍부한듯 맛이 찐합니다.
맛있고 먹기도 편합니다.더보기"
dnfl*****,5,2024-01-22,맛있어요!!  콜라겐이랑 먹음 좋대서 구매햇어요ㅔ
akse******,5,2024-01-02,"한달사용기일단 맛있습니다 ㅋㅋ 그것만으로도 만족
흐음 한달 먹어봐선 잘모르겠는데 저녁에 레티놀하고 같이 사용해서 그런지 모르겠는데 피부결이 정돈된 느낌이에요! 밝아진 효과?"
qhdf*******,5,2023-11-09,"칙칙한 피부에 생기를 더하고 싶었어요. 

늘어지는 모공관리를 위해서 레티놀을 챙겨 바르고 있어요. 
피부 탄력이 많이 잡히는 게 눈에 보이더라고요. 

매일 저녁 포기 못하는 레티놀인데 
먹는 레티놀이 나왔대서 궁금했어요. 

카로틴, 비타민C, 비타민A, 칼륨, 철분 등이 풍부한 모링가 잎의 레티놀 성분을 추출해 안정도를 높이기 위한 특별한 기술로 만들어졌대요. 

우리 몸에 필요한 지용성 비타민뿐만 아니라 유해산소로부터 세포를 보호하기 위한 비타민E, 면역 기능에 필요한 아연까지 갖춘 기능성 영양제네요.
건강해야 더 예뻐질 수 있으니까요. 잘 챙겨 먹으면 피부에서부터 면역까지 챙길 수 있을 것 같아요. 

맛은 상큼한데 여러 가지 맛과 향이 납니다. 
오렌지향도 나고, 바닐라 향도, 망고 맛도 나고 뭐 암튼 복합적이에요. 
결론적으론 맛있습니다. 

아무거나 먹으면 안되죠.
깐깐한 비건 인증까지 받아 안심하고 먹을 수 있어서 좋았습니다. 

레티놀 바르고, 1일 1-2포 레티놀 먹으면 겉광 속광까지 채울 수 있을 것 같아요.더보기"
drea******,5,2023-11-07,"1. 배송/포장 
주문 후 다음날 도착했습니다. 만족스럽습니다. 
포장 역시 좋았습니다. 비닐 뽁뽁이는 환경 문제도 있고 처리하기도 귀찮은데, 종이 포장이었습니다. 
그럼에도 사진과 같이 제품은 어디 한군데 망가진 곳 없어서 더 좋았습니다. 

2. 제품 
아직 하루밖에 먹지 않아서 드라마틱한 효과는 모르겠지만, 좋을거라고 믿습니다. 
일단 아모레퍼시픽 제품이라 신뢰가 있습니다. 
그리고 비타민류가 많이 들어서 최소한 영양제 효과는 있을거라 생각하고, 피부과 전문의 공동개발이라 하니 더 나은 효과가 있을거라 생각합니다. 

3. 소비기간/섭취방법
소비기간이 25년 9월까지라서 거의 2년이네요. 
총 30포 들어있는데 하루 1~2포 섭취니까 약 15일~30일분이라는걸 감안하면, 소비기한은 차고 넘칩니다. 
이미 먹는 제품이 있지만 넉넉한 소비기한 생각해서 구매했습니다. 포장도 10개씩 낱개포장이 되어 있어서 편리합니다. 

4. 한달 이용 해 보고 다시 후기 남기겠습니다.더보기"
sohe****,5,2023-11-15,"먹는 레티놀 제품이란거에 흥미가 생겨서 한번 구매해보았습니다. 가루분말 형태라 먹기도 편리하고 정말 좋네요. 전에 바르는 레티놀 크림을 썼을때에는 밤에만 발라야하고 초반에 너무 자주 발랐더니 피부가 다 일어나고.. 그리고 바르는걸 자꾸 까먹어서 피부관리하기 쉽지 않구나 생각했었어요. 근데 슈퍼레티놀C를 통해서 레티놀을 가볍게 섭취하고 비타민 c도 섭취하고, 현대인에게 부족한(^^.. 최근에 건강검진했는데 부족하다고 나온) 비타민 D까지... 여러 성분이 들어있어서 믿고 기대하고 먹어보려고 합니다.
 우선 그냥 가루분말형태라서 가루분말 형태의 레*나 먹는 것처럼 편합니다. 맛도 물 없이 먹어도 맛있습니다. 그리고 들고다니기도 작고 좋아서 회사에서 하루에 1~2개 챙겨먹기 좋을것 같네요.더보기"
yeje*****,5,2024-01-30,"상큼해서 먹기 좋아요. 먹으면 입안이 시원해져요
기분상 피부가 좋아진거 같기도 하고..."
aou1***,5,2024-01-23,먹을만한데 효과는 아직 모르겠습니다.
nama****,5,2024-02-13,하루에 한포씩 챙겨 먹고 있어요
jhy1***,5,2024-02-05,한달사용기재구매했어요 효과는 좀더 먹어봐야지 알거같아요
duet****,5,2024-01-09,"재구매한 4통? 산것 같아요 배송 발라서 좋구요 
주변에 몇통 선물 했습니다 ㅎ 
다들 좋아해주네요~"
kan_******,5,2024-01-05,"너무 맛있어요!! 
담엔 라이브 할때 사야징
밤마다 먹는데 너무 맛있어서 
두개씩 머거요"
mkds****,5,2024-02-03,재구매세번째 재구매예요 이번에더 잘 먹을게요
sulj******,5,2024-02-21,한달사용기좋아요.......
tjgu****,5,2024-01-25,레모나처럼 엄청 신맛이라 생각했는데ㅎㅎㅎ 복숭아 맛도 느껴져욯ㅎㅎ 더 먹어봐야 피부가 좋아졌는지 알거같아요
gold****,5,2023-12-07,"한달사용기이번에 처음 알게되었는데 레티놀은 피부 재생, 탄력 개선에 효과가 있고, 비타민C는 미백, 항산화 효과가 있다고 합니다. 한달 동안 꾸준히 먹고 있는데 뭔가 느낌상 피부결도 부드러워지고, 잡티와 기미가 조금씩 개선되는 것 같습니다. 또 피부 탄력이 좋아진 것 같아 만족스러웠습니다. 아침에 출근하면 꼭 하나씩 챙겨 먹는데, 맛도 달달하니 맛있고 해서 좋고 앞으로도 꾸준히 챙겨먹으려고 합니다!"
such****,5,2024-01-25,새콤달콤하네요~~~
taxs*******,5,2023-11-10,"레티놀 성분이 포함된 화장품들의 대부분이 저에게는 맞지 않지만 딱 저에게 필요한 성분이었는데 바르지 않고 섭취하는 레티놀이라서 딱 저의 니즈에 맞는 상품이에요!
 다른 지용성 비타민과 아연도 함유된 제품이라 이 제품 하나만으로도 종합영양제 효과가 있을 것 같아요! 지용성비타민들은 과하면 간에 좋지 않으니 비타민A,D,E 포함된 영양제는 
이 제품과 피해서 드시면 좋을 거 같아요!
 먹는 제품이라서 그런지 바르는 제품보다 효과가 좋고 빠르게 나타나요. 일주일정도 먹은 것 같은데 피부가 밝아진게 벌써 눈에 보일 정도로 개선이 됐어요! 너무너무 만족스러워서 저는 재구매할 것 같아요
  가루가 입자가 곱고 시원한 느낌이에요! 맛은 호불호가 갈릴 수도 있을 것 같지만 저는 괜찮은 것 같아요!더보기"
eunj******,5,2023-12-26,"피부전문기업에서 피부과 전문의와 공동개발로 완성된 ㅇ석는 백옥 레티놀파우더라길래 구매했어요.
도움이 되겠죠~^^"
jjjo********,5,2023-11-15,"피부 세포의 턴오버 주기에 필요한 비타민 에이 성분 레티놀이 함유되어 있고 타블렛이 아닌 파우더 타입이라서 입에 탁 털어놓으면 끝이라 물없이도 빠르게 먹을 수있고 그냥 가방에 들고다니면 이너뷰티 챙길 수 있어서 너무너무 좋아요 비타민씨 맛이라 심지어 맛도 있음! 
한개 먹고 계속 뜯어서 먹고싶다는게 단점이지만 지인짜 맛있습니당.. 다 먹으면 또 구매해서 먹고 싶은 의사 300프로! 입니다"
blug*****,5,2024-02-03,먹은지 일ㅋ주일째 얼굴이 환해요
dbd0****,5,2023-12-24,한달사용기너무 상큼해요 ㅎㅎ 건강 생각해서 구매했는데 맛도 너무 좋아서 대만족 입니다 먹고서 피부가 좋아졌으면 좋겠어요 완전 추천합니다
pans****,5,2024-01-04,한달사용기슈퍼레티놀 먹기쉽고 맛도 괜찮아요.과립형 좋았어요
bett*******,5,2023-11-11,이번에 신상이 나와서 궁금해서 구매해봤어요. 평소에도 아모레에서 만든 이너뷰티 제품을 애용하고 있는터라 믿고 구매해봤는데 일단 맛있습니다!! 상큼하고 제기준 약간 시큼하니 목넘김이 좋았어요. 비타민C와 판토테산 등 주 원료들 덕에 속에서 차오르는 이너뷰티이 도움이 되는 제품이길 이번 환전기에 먹어보면서 한 달후에 다시 후기 남기러 오겠습니다~
oney*****,5,2024-01-05,한달분치 샀어요 며칠 먹었는데 얼굴에 광이 나는 느낌~효과있음 좋겠네요!
kimm*******,5,2024-01-10,"피부가 좋아지는게 느껴져요
맛도 새콤달콤 넘좋아요"
wh****,3,2024-01-01,좋다고 하니 구입했는데 꾸준히 먹고 효과 봤음 좋겠습니다.배송 빠르고 넘김 좋습니다.
sldk***,5,2024-01-02,비타민c대용으로 구매했어요 맛있고 휴대도 편해서 괜찮은 것 같습니다
haed***,5,2023-11-14,"아모레퍼시픽제품이라 믿음이 간다. <수퍼 레티놀C>라는 제품명에서 느껴지듯이 레티놀과 비타민이 꽉꽉 채워져있다. 펄실버와 레몬 빛깔의 포장이 고급스러우면서도 상큼함을 더한다. 중앙에 큼지막하게 인쇄된 C글자가 한눈에 비타민C 제재임을 알 수 있다. 
  고운 노란빛의 과립형으로 레*나처럼 시큼하기보다는 맛있게 새콤하다. 망고가 첨가되었다는데 파인애플향이 강하게 느껴졌다. 가루입자가 고와서 목넘김도 좋고 맛있어서 개봉하자마자 두 봉지를 먹었다. 절개선이 있어 뜯기에도 좋다.
  환절기에다가 난방까지 해대니 피부가 엄청 건조하다. 투명한 피부에 보습력까지 기대만땅이다. 무엇보다도 맛있게 피부관리할 수 있어서 좋다.더보기"
danb******,5,2023-11-08,"먹는 레티놀이 요즘 대세인가 보네요
그 중에서도 슈퍼 레티놀 C를 구매한 건 
아무래도 믿을 수 있는 아모레퍼시픽이 만들었단 거 때문이겠죠

분말은 아주 곱고 맛은 불량식품 맛(?)
어디서 먹어본 듯한 맛이라 거부감 없이 먹을 수 있었습니다

섭취는 하루에 1~2포라 되어있지만 표지에는 2스틱 기준으로 비타민 등이 기재된 걸로 봐선 하루에 2포를 먹어야하지 않나 싶습니다 ^^더보기"
9911******,5,2023-11-15,"요즘 건강기능식품에 관심이 많은데, 먹는 레티놀이라고 해서 바로 구매했어요!!레티놀 명가 아모레퍼시픽이라 믿고 구매했어요💗 일단 10개씩 소포장 되어있어서 좋았고 한포당 1.8g이라 양도 적어서 한번에 먹기 편하더라구요!! 맛은 망고+체리맛인데 상큼달달해요!!
자일리톨이 들어가 있어서 그런지 상큼 달달한데 청량시원함이 느껴지고 가루가 금방 사르륵 녹아서 좋았어요!! 꾸준히 먹으려면 맛도 정말 중요하다고 생각하는데 이건 맛있어서라도 꾸준히 다 먹을듯 해욤!ㅋㅋㅋ
하루에 2포 먹으라고 되어있는데 처음에는 하루에 한포씩 먹다가 적응되면 2포씩 먹는게 좋을 것 같아요! 
레티놀에 민감한 사람도 먹을 수 있다는게 정말 좋아오,,레티놀 약간 무서워서 바쿠치올이나 함량 낮은 제품들로만 사용했는데 먹을 수 있다니 아모레 최곱니다😘💛더보기"
alli*****,5,2023-12-29,"일단 맛있어요.
기분탓인진 모르겠지만 여드름 피분데 먹고나서부터 그날전에도 트러블 나는게 적어졌어요.
재구매할거 같습니다."
seji********,5,2023-12-30,레티놀이 피부에 필요하다고 해서 사봤어요. 맛은 상큼한 레모나 먹는 느낌! 한포씩 먹으면 되니까 편해요. 맛있어요
isee******,5,2024-01-02,"오전에 주문했는데 저녁에 도착했어요!
디자인도 슬림하고 먹기 편하게 되어 있어요"
yale****,5,2024-01-14,한달사용기건강기능식품이라고 생각하는 것보다 간식이라고 생각하고 먹고 있어요 ㅋㅋㅋ 확실히 먹기 전보다 피부 여드름이나 칙칙함이 개선되는 것 같아서 앞으로도 꾸준히 섭취하려구요^^!
lea2***,5,2024-01-30,한달사용기맛있고 효과 좋아요
miss****,5,2024-02-01,배송도 빠르고 제품도 좋습니다
pum0****,5,2023-11-07,"레티놀제품이 바르는경우엔 전 자극이있고 트러블 난 적이 있어서 다시 손대기 부담스럽더라고요
그런데 먹는 레티놀이 있다길래 놀라면서 샀답니다!!
일단 먹는거라 어떨가싶었는데 바르는거완 다르게 부작용그런것도 없었고 맛도 새콤새콤한 비타민c맛이라서 부담 없이 한포씩 까먹기 좋았어요
그리고 포장도 꼼꼼히 박스 안에 3봉지로 되어있어서 필요한만큼 뜯을수있고 제품 자체포장재질도 뭔가 튼튼한데 뜯는건 잘뜯기는? 그런 재질인것같아서 좋더라고요
솔직히 이런 한포씩 까서 먹는 제품이 가볍게 톡하고 찢어져야 먹을때 사소한 스트레스없잖아요ㅎㅎ 전 그래서 더 좋았던것같아요
이런 비타민은 오래먹어봐야 아니 특히레티놀이라하니 꾸준히 먹고 효과적으로 어땠는지도 솔직후기남기러올게요!!!더보기"
qkrd********,4,2024-01-06,요즘 이너뷰티에 관심이 많은데 비타민까지 들어있어서 편리해요
ydhj****,5,2023-11-13,"요즘 엄청난 인기를 얻고 있는 레티놀이 섭취하는 제품이 있어서 구매해봤습니다. 
게다가 아모레에서 만든것 같더라고요.
유통기한 충분히 길어요 250913까지입니다
가루가 엄청 고와서 입안에 걸리는거 없이 잘 넘어갑니다.
아이셔만큼의 시큼함은 아니고 적당한 시큼함이 시원한 느낌을 줘서 좋았습니다.
저는 체리콕맛 같이 느껴졌는데 엄마는 망고향이라고 느끼시더라고요?! 쨌든 맛있습니다
제 피부에 많은 도움이 되면 좋겠어요
추천👍더보기"
hyeo*******,5,2023-11-15,"이전에 바이탈뷰티 제품을 몇 가지 먹은 적이 있는데, 그때마다 만족해서 이번에도 주저없이 구매했어요! 바르는 레티놀 제품을 참 다양하게 갖고 있는데, 먹는 레티놀이라니... 바르는 제품을 사용하면서 이 제품까지 섭취하면 더 좋을 것 같아요ㅎㅎ 

아직 섭취한지 얼마 되질 않아서 뚜렷한 효과가 보이진 않지만, 거부감 없는 맛과 휴대성이 좋게 개별포장되어 있어 만족도가 높아 꾸준히 섭취해보려고 해요^_^ 꾸준히 섭취해보고 한달 후기로 자세한 효과 남기도록 할게요!!!!더보기"
biad****,5,2024-01-11,"오늘부터 시작
효과기대해봅니다"
acce*********,5,2024-01-26,한달사용기효과는 짧은기간이라서 잘모르겠는데 좋을거라고 생각하고 먹음
mins******,5,2024-01-03,"샘플로 보내준거먹고 구매했어요
새콤하니 맛있어요"
yepp******,5,2023-11-12,"새콤달콤 간편하게 섭취 가능한 레티놀 파우더🤍

레티놀이 유명해지면서 궁금증이 생겼지만,
피부 자극이라거나 익숙해지는데 시간이 필요하다는 등의 제약이 따라붙는걸 보고 기존 바르는 제품들에는 쉽사리 손이 가지 않았어요
그런데 아모레퍼시픽과 피부과 전문의들의 공동개발로
먹는 레티놀이 탄생했다니! 바로 구매해봤네요 :D

성분이야 레티놀을 비롯한 비타민과 판토텐산칼슘, 아연 등 당연히 만족스러웠는데
목넘김이나 맛이 어떠려나 첫 한포는 조심스러웠던 것 같아요
그런데 지금은 뭐,,너무 맛있어서 하루에 여러개 먹고싶은걸 참는중이랄까요ㅎㅎ;

시트러스 계열의 새콤달콤함에 망고향이 살짝 느껴지는 맛이라 간식을 먹는 것처럼 기분이 좋고,
입에서 바로 사르르 녹는 엄청 고운 파우더라 목걸림이 없어서 부담이 없습니다 :)
한달분이니 꾸준히 잘 먹어볼 생각이에요!더보기"
suki****,5,2024-01-05,레티놀  화장품 쓰는데  더효과 보고 싶어서요
habi****,5,2024-01-24,한달사용기맛은 나쁘지 않습니다. 꾸준히 먹어볼게요
qw****,5,2023-12-17,요즘 얼굴이 너무 건조했는데 광고보고 1팩만 주문해봤어요 며칠먹어보니 조금 덜 당기는 느낌이에요 맛은 비타민먹는 신맛이라 먹기좋구요 한달먹어보고 재구매하려구요
pama***,5,2023-12-30,한포 먹은 다음날 보니까 안색이 좀 밝아진것 같아요.꾸준히 먹어봐야겠어요.
supp*****,5,2024-01-29,바르는레티놀보다효과가더좋길
sse0*****,4,2023-12-20,"맛은 생각보다 좋았어요.
입자가 고와서 목에 걸리는것 없이 좋았구요.
오늘받아 바로 오늘 한포.
더 먹어보고 좋으면 리뷰업뎃 의사 있지요♡"
lili****,5,2024-01-09,생각보다 한 포당 양도 적고 맛도 상콤해서 먹기 좋네요! 아직 먹은지 얼마안되서 꾸준히 먹어볼게요 ㅎㅎ 감사합니당~
jh****,5,2023-11-15,"먹는 레티놀이 있는지 몰랐어요.
아무래도 피부에 바르는거 보단 먹는게 더 좋을것 같아서 구입했어요.
레티놀 화장품으로 유명한 아모레퍼시픽에서 만든거니까 꾸준히 먹으면 효과는 확실하겠죠!

일단 맛있어요😆
달달한 레모나 먹는거 같아서 아침에 회사와서 잠깨우기 의해 한포씩 먹고 있습니다ㅎㅎ
크기도 작아서 자리차지도 별로 안해요.
들고 다니기도 좋을거 같네요.더보기"
skql****,4,2023-12-19,끝맛은 좋은데 처음 먹을때 너무 시고 파우더가 차가워서 놀랬었어요 빈속애 먹으면 속 쓰려서 식사후 드시는걸 추천합니다
park*******,5,2023-11-15,"와... 입에 털어넣는 순간, 사르르 녹으면서 상쾌달달한 맛이 일품이에요!😍
개인적으로 바이탈뷰티 제품들 정말 사랑하고, 레티놀 함유된 세럼도 진짜 부지런히 바르는데 바이탈뷰티에서 피부과 전문의와 공동개발한 먹는 레티놀 파우더가 나왔다고 해서 이건 진짜 먹어봐야겠다 하고 주문했습니다.
상큼함 이상으로 상쾌한 맛이 감돌기에 이 달콤상쾌한 맛이 어디서 나오나 했더니, 자일리톨 성분도 있더라고요?ㅎㅎ
비타민C와 레티놀, 기타 유효 성분들도 많고 이게 참~ 파우더 입자가 상당히 고와요. 역대급입니다!!
넘 맛있고 깔끔해요. 꾸준히 먹어보려고요~ 아마 할인시즌 노려서 쟁이게 될 것 같습니다.🫶🏻더보기"
todm*****,5,2023-12-25,"한달사용기콜라겐을 레티놀하고 함께 먹으면 효과가 있대서 샀는데, 한달 복용 이후에 피부가 좋아져서 네이버로 재구매합니당 최고"
mira*******,5,2023-11-13,"맛있네요! 비타민c먹는것 같아요 레티놀을 바르기도 하는데 섭취까지 하니 페부관리에 최고에요
맛도 좋고 원료도 좋아요 믿고 먹을 수 있어요~ 그런데 입자가 고운게 조금 탁털어서 먹으니까 가루가 좀 목에 걸려요! 그것 빼면 완벽합니다 다음엔 액상으로도 나오면 더 편리하게 먹을꺼 같아요~"
dnjs*****,3,2024-01-29,어직 모르겠는데 먹기 편해요.
robi*****,5,2023-11-07,"레티놀이 이제까지 바르는것으로만 알았지 먹는 제품이 있는 줄은...ㅠㅠ
50대의 반을 달리다보니 피부탄력과 함께 재생에도 도움을 주는 비타민A 성분인 레티놀에 대한 관심이 있었지만 바르는 레티놀의 부작용도 있어 주저하던 차에 알게된 바이탈뷰티슈퍼 레티놀C!!
하루 한 두포를 섭취하라고 되어 있지만 비타민A가 지용성비타민이라 혹여 넘 과하면 문제가 될까 한 포씩 먹습니다.
맛은 상콤한 레몬맛이라 마치 레*나 먹는 것처럼 상쾌하고 휴대하기도 편하게 되어 있어 까먹지 않고 먹을 수 있겠어요~
속광을 위해 피부결과 톤을 상승시켜줄 먹는 레티놀~꾸준히 복용해 광나는 피부 만들어 보려합니다^^더보기"
6788***,5,2023-11-08,"오 먹는 레티놀은 처음 봤는데 아이오페랑 이니스프리 레티놀을 보유하는 아모레에서 얼마나 잘 만들었을까 하는 기대감으로 구매했어요 

맛은 실까봐 걱정했는데 엄청 달달한 비타민 맛이에요 ㅎㅎ 불량식품같을정도로 맛있어요
그리고 입자가 엄청 작아서 씹히는 느낌도 없구 좋아요 
효과는 아직 모르겠지만 피부에 직접 닿는 것 보다 먹으니까 금방 나타나지않을까요? 일단 피부처럼 자극적인게 느껴지지않아서 좋네요 ㅎㅎ
한포씩 개별포장 되어있는점도 아주아주 마음에 듭니다 열심히 먹어볼게요더보기"
prad*****,5,2024-01-05,맛도 괜찮고 휴대가 편해요
cute***,5,2024-01-08,"맛도 나쁘지 않고~ 물과 같이 먹는게 편하네요!
피부에 드라마틱한 효과는 모르겠지만 몸이 덜 무겁거나 그런건 있는 것 같아요
좀 더 먹어보고 후기 남길게요~"
hate****,5,2023-11-12,"평소 레티놀에 관심이 있어서 이것저것 알아봤는데 바르는 레티놀 제품 같은 경우에는 보관방법, 바르는 시간, 휴식기 등등 지키고 신경써야 할 게 너무 많아서 귀찮음이 많은 저에게는 엄두가 나지 않는 제품이었는데, 대 황 아모레에서 너무나 간단한 먹는 타입의 레티놀을 출시해주셔서 이건 못 참지 하고 구매해보았습니다.

 일단 유산균이나 그런 제품 처럼 가루 형식으로 되어있는 상큼한 맛의 제품이었습니다. 그래서 사실 처음에는 이 가루가 정말 레티놀의 효과를 낼까? 하고 의심했던 점도 없잖아 있었습니다.. 그런데 생각보다 자기 전과 일어나서의 차이가 꽤 보이더라구요.. 뭔가 피부가 좀 더 매끈해진 것 같기도 하고! 단점이라면 하루 2포를 챙겨먹어야해서 소진율이 좀 빠르고 가끔 까먹고 1포밖에 안챙겨먹는 날도 있긴 한데, 바르는 레티놀보다는 더 안전하고 효과도 꽤 좋아서 재구매 의사 있습니당더보기"
s127****,5,2023-12-17,"광고보고 레티놀이란걸 알게되고 ㅋㅋ 구매까지 해봤는데요!
지금 3일째 먹고있는제 피부톤이 좀 밝아 진게 느껴집니다! 재구매 의사 있어요!"
fore********,5,2024-01-28,잘받았숩니다 후기가ㅜ좋네요
ysm8***,5,2024-01-01,레티놀 화장품도 사용하고 있는데 무척 기대가 됩니다 ㅎㅎ
dabo****,5,2023-12-17,"한달사용기일상 생활을 하다가 보면 피로감이 누적 되는데 슈퍼 레티놀 비타민씨를 복용 하면서 부터 피로감이 덜 해서 좋았어요. 
지속적으로 복용하면서 피로감을 잡고 일상 생활을 윤택하게 만들고 싶어요ㅎㅎ"
khji*****,5,2023-12-10,"광고보고 구매했는데 생각보다 괜찮은거 같아요!
꾸준히 먹어보려고 또 주문 했습니다!
며칠 안 먹어봐서 다른 부작용은 아직은 없는데
속쓰림이나 거북함이 없어서 좋은거 같아요!"
xoal*****,5,2023-11-07,"요즘 레티놀 완전 뜨고있잖아요! 여기저기 뷰티브랜드들 보면 다 레티놀이더라구요~ 
평소에 바이탈뷰티 제품들 자주 애용하는데 먹는 레티놀 나왔다고해서 신기방기 궁금증 생겨서 구매했어용!
유통기한도 넉넉하고 맛도 완전 새콤달콤해서 부담없습니당 ㅎ.ㅎ
입자가 진짜 고운데 괜히 파우더라고 부르는 게 아니더라구용! 그냥 먹어도 입에서 사르르 녹고 물에 타먹어도 상콤하니 맛나용! 개별포장이라 휘뚜루마뚜루 들고다니기도 넘나리 편한 것! 엄마랑 같이 먹어야겠어용💛"
whdu*******,5,2024-01-08,잘녹아서 물없어 잘넘어가요
ghgu*****,5,2023-12-17,"한달사용기바르는 레티놀이도 같이 사용해주니
피부상태가 계속 좋아지는 거 같아요.
섭취, 휴대가 넘 편리해 만족합니다"
hj_k****,5,2024-01-16,배송 진짜 빠르네요! 먹는 레티놀 궁금해서 구매했어요
dnjs******,5,2023-12-18,"먹는 레티놀이라 궁금해서 사봤어요.
효과는 먹어봐야 알겠지만 일단 맛있어서 부담없이 먹을 수 있을것 같아요"
q0****,5,2023-11-15,"피부에도 좋은 레티놀이 먹는 형태로 나왔다는 게 넘 신기해서 구매해 봤어요! 맛은 딸기와 레모나의 그 어딘가 느낌이에요 거부감 전혀 없고 레모나는 개인적으로 너무 시어서 전 이게 더 맛있는 것 같아용 동생은 신 걸 잘 먹어서 거의 안 시대요ㅋㅋ

이제 일주일 먹었으니 효과를 기대하긴 어렵지만 다음 주부터는 두 포씩 챙겨 먹어보려구요! 챙겨먹었다는 느낌... 괜히 피부 좋아보이는 느낌...ㅎㅎ 그래도 안 먹는 것보단 좋겠죠? 만족합니다!! 가루라서 챙겨먹기도 편해요~더보기"
cluf****,5,2023-12-27,레모나 먹는 것 같아요 ㅎㅎ 효과있었음 좋겠어요! 잘먹어보겠습니다~!
hope****,3,2024-01-13,맛도 괜찮고 배송도 넘 빠르고 좋네요. 꾸준히 먹어볼 생각이에요.
pres******,5,2023-11-15,"요즘 레티놀 제품이 정말 많은데 그중에서도 먹는 레티놀이라니 신기하면서도 너무 좋다는 생각이 들어요 ••

포장도 깔끔히 되어있고, 한 포씩 까서 먹기 편하게 되어 있어 때마다 간편하고 손쉽게 섭취하기 좋아요 :)

너무 시지도 않으면서 상큼한 과일맛이라 호불호 없이 누구나 맛있게 먹을 수 있을 제품 🍋

레티놀 말고도 여러 성분들이 들어있어 거의 종합비타민 너낌으로 나눠먹기도 좋고 챙겨먹기에도 좋아요 💛더보기"
gkqg*****,4,2023-12-14,한달사용기먹기편하고 맛도 좋았습니다. 드라마틱한 효과는 잘 모르겠지만 좋아진다는 생각으로 기분좋게 복용했습니다.
so****,5,2024-01-02,상큼한 맛이고 꾸준히 먹을 수 있겠어요
jhy1***,5,2024-01-06,"맛있다는 리뷰는 솔직히 거짓말이라고 생각하지만
재구매 예정입니다. 일단 1년정도는 먹어보려고 생각하고 있구요 지금당장 눈에 보이는 효과는 없어요"
kido*****,5,2023-11-10,"요새 레티놀에 관심 많았는데 바르는 레티놀만 쓰다가 먹는 레티놀이라니!! 참신하다고 생각해서 구매했어요
대기업 아모레퍼시픽이 만들어서 그런지 성분도 괜찮고 맛도 상큼달콤하고 좋아여
며칠 먹었는데 아침에 일어나면 보통 푸석한데 
피부가 빛나는 느낌이 들어 좋았습니다
1포씩 포장되어 있어 들고 다니기 편하고요 앞으로도 꾸준히 먹어보려고요 만족스럽습니다🤍🤍🤍"
ew****,5,2023-11-15,"레티놀 성분에 관심이 많아서 열심히 바르고 있는데 먹는 레티놀이 나왔다고 해서 바이탈뷰티 제품이라 믿고 구매 했습니다! 
일단 새콤하니 맛있어요! 아무리 좋은 영양제여도 먹기 힘들면 손이 안가던데 이건 새콤하니 맛있어서 거부감 없이 꾸준히 먹고 있습니다.
아직 초반이라서 큰 효과는 모르겠지만 꾸준히 먹으면 피부에 도움이 될 거라 생각하고 먹고 있습니다!"
haya****,5,2023-11-14,"턴오버주기에 필수인 비타민A가 케어를 도와주며,
식물성 모링가 체내에 레티놀 흡수를 도와주는 비건제품!!! 이너뷰티 주원료 중요한데 비타민 아연 판텐토산까지 들어있어서  피부속광에 영향을 주는 이런 획기적인 제품이 있을까요? 
전체적인 피부고민. 턴오버 고민 해결
시큼한맛아니라 상큼한 맛으로 매일 가볍게 섭취가능합니다. 레티놀 바를때 피부타입, 화장품 궁합등 고민해야하는데 이너뷰티라서 고민없이 먹을 수 있어서 좋아요. 몇포밖에 안먹어서 효과가 바로 나는건 아니지만 꾸준히 먹다보면 효과가 있겠죠? 먹는 레티놀이라 진짜 신박합니다. ㅎㅎ더보기"
alsw******,5,2023-11-14,레티놀 세럼이 피부에 잘 맞아서 매일 바르는데 먹는 레티놀이 나왔다니! 바로 사봤습니다. 개별포장 되어있어서 휴대성도 편리합니다. 잘 뜯어지고 먹자마자 레*나를 먹는 듯한 상큼함이 있었고 혀에 닿자마자 물처럼?되어서 물 없이 밖에서도 먹을 수 있을거 같아요. 요즘 스트레스 받고 잠을 못 자서 피부가 별로 안 좋았는데 꾸준히 먹으니 이전의 피부보단 약간 좋아진 느낌?ㅎㅎ 밤에 레티놀 세럼과도 같이 바르면 더 좋을거 같아서 먹는거도 바르는거도 꾸준히 하고 있어요.
gpdl*****,5,2023-11-08,요새 레티놀 레티놀 하도 그래서 화장품 중에 레티놀 성분을 써봤는데... 저랑은 좀 안 맞더라구요ㅠ 그래서 레티놀이랑은 가까워 질 수 없었는데 아모레에서 먹는 레티놀 나와서 주문해봤어요! 우선 포장이 굉장히 잘 되어있고 10포씩 또 소포장 되어있어서 좋아요 맛도 달콤하게 먹을 수 있어요. 비타민c 셔서 잘 못먹는데 달달하고 살짝 셔서 먹기 편하고 입에 넣자마자 작은 입자들이 사르르 녹아서 먹기 좋아요.
sori****,5,2023-11-15,개별포장되어있어 어디서든 들고다니며 먹을 수 있어 좋았어요 그리고 저는 맛없는 영양제는 안먹게 되는데 이건 신맛만 잘 먹을 수 있으면 문제없이 먹을 수 있겠더라구요 피부관리를 시작해야하는 나이라 간편하게 먹는 레티놀로 시작하려 합니다 추천드려요
gold****,5,2023-11-07,"레티놀과 비타민C를 함유하여 피부 미백, 주름 개선, 탄력 강화 등의 효과를 기대할수 있다고 하여 구입해보았습니다. 우선 제품 함량 정보를 보니 비타미 a,c,d,e 아연 판토텐산 등 다양하게 비타민이 함유되어 있어 한번에 비타민을 챙겨 먹기 좋은거 같습니다.
 맛도 일반적인 가루 비타민과 비슷해서 쉽고 맛있게 먹을수 있었고, 하루 1개씩 먹으면 된다고 해서 집에서 나갈 때마다 하나씩 챙겨 다니기도 좋은거 같습니다!"
limi*****,5,2023-11-15,피부에 좋다면 자연스럽게 눈길이 가는건 어쩔수 없나봅니다. 레티놀이 피부에 좋잖아요. 근데 바를땐 엄청조심을해야하는데 간편하게 섭취가 가능하다니 먹어볼 수 밖에요~ 10개씩 묶음으로 3개가 들어있구 시큼하지만 달달한맛도 있어서 거부감없이 먹을 수 있었습니다. 이너뷰티는 꾸준함이 답이잖아요. 단번에 좋아질 순 없겠지만 꾸준히 먹어보려합니다~
ph****,5,2023-11-09,"비타민을 찾던 중 발견했어요!
바르기만 하던 레티놀이 들어있다니 피부에 도움을 줄거같서요
겨울엔 피부건강도 챙겨야하니까요
요즘 종합비타민은 이것저것 너무 많이 넣기도하고ㅠ 다른 영양제를 따로 챙겨먹는편이라 겹치는걸 신경쓰는편인데 완전 딱이네요
비타민 a c e d 도 적당히 들어있고, 포로 되어있어서 출근길에 하나 후딱 뜯어먹기 좋네요
기분좋은 단맛이구요, 입자가 엄청 작아요 
체리맛? 비슷하게 나는거같구 콜라겐처럼 역한맛은 아예없어요 
빈속에 먹어도 속쓰림도 없고 좋아요!더보기"
leed***,4,2023-11-11,"피부잡티가 많아서 레티놀들어있는 제품을 사용해보긴했는데 먹는곤 처음봐서 신기한 마음에 고민하고 있었는데
얼굴피부가 뭔가 전에 비해 윤기도 없고 그래서 피부에 좋을거 같아 구매했어요.
뭔가 레몬처럼 실까봐 걱정했는데 가루입자도 곱고 새콤달콤해서 먹기 어 렵지 않았어요. 약간 아이들 시럽?망고젤리 같은 맛이 났오요..
포장 디자인도 슬림하고 힙해보여 가방에 챙겨다니며 먹기 좋을 거 같아
요!더보기"
aeun******,5,2023-11-09,"피부 이너뷰티에 신경쓰게되면서 신제품이라길래 구매해봤음.  일단 여태까지 먹었던 피부관련 이너뷰티 제품(콜라겐 등) 통틀어서 제일 맛있고 혀에 꾸덕하게 남는 가루느낌이 전~혀 없었었음 , 생각보다 너무 맛있어서 한박스만 산게 아쉬울정도 . 피부효과만 본다면 맛은 있으니 계속 재구매의사 있음"
gusa******,5,2024-01-10,만족해요 좋아요 감사합니다
chy2***,5,2024-01-03,"좋은제품 빠른배송으로 받았어요
먹어봐야 알겠지만 먹는 레티놀이라니
너무 신기해요 먹기 부담없는 맛이에요"
ch****,5,2023-11-15,"마법의 성분 레티놀이 먹는 타입으로 나오다니, 이건 사야돼 하고 생각했어요. 바르는 레티놀이 너무너무 좋아도 성분이 너무 세서 민감피부는 손가락만 쪽쪽 빨고 있어야 했잖아요.

물 없이 그냥 먹을 수 있어서 편하네요. 매일 한포씩 회사에 가져가서 점심먹고 입가심겸 먹어요. 매우 새콤한 맛이거든요. 성분표에 망고과즙분말이 써있어서 망고 맛인가 싶은데, 레#나가 연상되기도 하는 새콤함이에요."
hanj********,5,2023-11-12,"비타민C, 비타민D 등이 골고루 들어가있고, 레티놀이 들어가 있는 데다가 피부과 전문의 공동개발이라고 해서 믿음직스러워서 구매해봤어요!
받자마자 뜯어서 먹어봤는데요!
레모나 맛이에요!! 맛있게 비타민을 먹을 수 있어서 좋고 가루도 완전 고와서 입에서 금방 녹아요
꾸준히 먹어보고 재구매할 예정이에요!"
gari*****,5,2023-11-07,"바이탈뷰티에서 먹는 레티놀+비타민이 나왔다고 해서 기대하고 구매했어요
안그래도 레티놀을 바르고 있었는데 먹는게 나왔다고 하니 체내에 잘흡수되었으면 하는 마음이에요 비타민d,e,아연도 들어있어 다른 영양제도 따로 섭취할 필요없이 간편하게 한포 털어먹으면 좋겠어요 참고로 새콤한 맛이 강해서 한포씩 먹다가 적응되면 두포로 늘려가보려구요 꾸준히 먹으면서 피부 안색이 밝아졌으면 합니다🙏🏻"
thep****,5,2023-11-12,맛보고 깜짝놀랐네요  얇은입자가 고농축으로 압축되서 입안에서 쫙 퍼지는데 정말 상큼해요 비타민을 통째로 먹는느낌? 🍋 레몬과즙같았어요 ㅋ 분말인데 이렇게 상큼하다니  넘 맛있고 피부영양에 도움이많이 손발도 추워지면서 계속 트게 되서~될듯 꾸준히 먹고  비타민 월동준비합시당~~~
kkmj****,5,2023-12-24,"재구매맛있어요! 
좋은것 겉아서 선물도 했습니다"
jyeo*****,5,2024-01-19,열시미머거서 피부미인되보겟슴니당ㅎㅎ
ww****,5,2023-11-07,"올 가을부터 칙칙해진 피부 때문에 특히 기초화장에 공을 들이고 있는데, 뭔가 부족한 느낌이라 먹는 레티놀을 구매했습니다 
속광이 매우 절실하게 필요했고 아무리 보습에 신경써도 생기가 부족해 늘 고민이었어요 💦

우선 [바이탈뷰티 슈퍼레티놀C]는 피부과 전문의와 아모레퍼시픽 이 공동 개발한 제품이라 신뢰할 수 있었습니다 
복용법도 간편하고 새콤달콤 맛있어서 매일 챙겨먹기 참 좋아요 (누구나 아는 그 비타민 맛!) 
물 없이 먹어도 입 안에서 사르르 잘 녹지만, 충분한 수분 충전을 위해 물과 함께 먹는 걸 추천합니다 ⭐️⭐️⭐️

1. 내 몸과 피부에 생기를 불어넣는다 생각하면서
2. 하루 1회 (최대 2회) 물과 함께 섭취하면
3. 비타민 A, C, D, E/ 판토텐산 / 아연 충전 완료!

매일 꾸준히 섭취하면서 생기를 되찾아보겠습니다 ‼️더보기"
ma****,5,2023-11-10,"피부과 전문의랑 공동개발했다고 해서 샀어요!
판토텐산이랑 비타민C, 아연 등 성분도 넘 좋더라구요!
먹어보니 확실히 생기가 도는 느낌이에요!
피부가 뭔가 환해진 느낌? 화장도 더 잘 먹구요!
지금은 1포 먹고 있는데, 괜찮으면 2포로 늘려보려구요!
백옥같은 피부 얼른 갖고 싶네요!!ㅎㅎ
맛은 생각보다 더 새콤한 레모나 느낌입니다!
저는 신 걸 좋아해서 텁텁하지 않고 좋더라구요! ㅎㅎ
추천합니다!더보기"
dohe******,5,2023-11-08,"평소에 레티놀 성분이 함유된 에센스 바르고 효과 많이보는 중이어서 레티놀이 진짜 피부에는 최고구나했는데, 섭취도 가능하다니요..? 이런 혁신이 .. 라며 클릭했던 제품🫢인데욥!!

게다가 피부과 전문의랑 아모레퍼시픽이 공동개발했다니 말해뭐해 좋은 제품이겠구나 싶어 고민없이 바로 구매했습니다🌝✨

맛은 꽤나 맛있습니다 그리고 딱 먹자마자 고농축되어있는 게 바로 맛으로도 느껴졌어요 !

 그리고 무엇보다 1포씩 가루형태로 개별포장되어있으니 휴대하며 물없이도 섭취가능하고 피곤할때 꺼내먹으면 이득이라 생각되네욥

성분은 비타민C E D 아연 판토텐산 등등 종합영양제 저리가라 하는 좋은 성분들로 가득해서, 피부에도 좋겠지만 그냥 건강관리상으로 먹기도 좋을 듯 싶습니다🌝✨더보기"
keem****,5,2023-11-10,"먹는 레티놀이라니..! 취향저격 아이템이예요
아모레퍼시픽의 바이탈뷰티 제품으로 믿고 먹는데 레티놀 화장품 맛집 아모레에서 먹는
레티놀이 나오다니! 간편하게 레티놀과 비타민을 충전할 수 있어 좋고요 하루중에 입이 심심하거나 단게 당길 때 간식을 먹지않고 레티놀 먹어 주고 있어요 상큼하니 맛있어요!"
ging*******,5,2023-11-15,"하루 한 포 ~ 두 포 가루 타입 그대로 먹어도 되고 물에 타서 마셔도 돼요
저는 입안에 넣는 즉시 스르륵 녹아 목넘김이 부드럽고 새콤한 맛이 맛있어서 그냥 가루로 먹고 있어요
하루 한, 두 포로 간편하게 피부에 도움이 되는 성분들을 챙길 수 있어 만족합니다
다만 비타민A가 들어있어 하루 적정량을 섭취하는 것이 중요해요
피부를 생각해서 꾸준히 먹어보려고요"
puha******,5,2024-01-15,한달사용기맛있어서 잘 먹고 있어요.
duet****,5,2023-12-09,"두번째 구입입니다 기존에 콜라겐 먹고있었는데요 
효과좋데서 기대가 되어 한통 더 구입 했어요 
꾸준히 먹어보려고요"
smc2*****,5,2023-11-11,"슈퍼레티놀c 너무 편하고 좋네요. 
이제 곧 40다가오는데 아직 레티놀 바르고 관리하기 너무 귀찮아서 미루고 있는데 비타민c까지 포함된 간편한 제품이 나왔다고 해서 구매해봤어요. 
녹기 쉬운 입자감에 상큼한 맛까지 너무 만족스러워요. 요즘 마그네슘 가루약이 잘 안녹는게 있어서 너무 힘들었는데 이 제품은 대만족입니다. 
먹고 바르면 더 좋겠지만 먹는 걸로 꾸준히 시작해봐야겠어요. 
좋은 제품 강추입니다!!!더보기"
with***,5,2023-11-11,"믿고 먹는 아모레퍼시픽 바이탈뷰티!!
이번엔 먹는 레티놀이, 아니 레티놀만 있는게 아니라 비타민C 판토텐산 비타민E 비타민D 아연 등등 풍부해서 아거 너무 좋아요.
가루형태인데 혀에 닿자마자 사르르르 녹아서
물 없이도 먹을 수가 있어요!!
아직 섭취한지는 오래되지 않아 드라마틱한 효과는 없지만 바이탈뷰티 제품들은 언제나 좋았기에 기대를 해봅니다 :D더보기"
bbok****,5,2023-12-31,생각보다 맛있어요 가루콜라겐은 좀역겨워서 못먹었는데 이건 레모나짝퉁맛정도?ㅎ 다먹을수있을것같아요
le****,5,2023-12-24,한달사용기ㅁ효과는 잘 모르겠어요 그냥 잘 먹고 있어요.
6439***,5,2023-11-15,"레티놀이 피부에 좋은 건 알고 있었는데
먹는 것도 있는 줄 몰랐네요 🫢🫢
✔️휴대성? 굿
✔️영양분? 굿
✔️맛? 굿
= ♥️

뭐 4계절다 중요하지만 겨울에 속광이 더 중요하다고 생각하는 1인이라 챙겨먹어보려구요 ☺️
그리고 밤샘을 자주해서 얼굴 낯빛이 말도 아닐때가 좀 있는데 ^^ 그것도 좀 .. 시급해서 저에게 아쥬
찰떡콩떡인 제품이에요 🫶🏻
잘 챙겨먹겠습니당 !!! 🔥더보기"
yuhk***,5,2023-11-11,"얼굴에 바르기만한 레티놀
먹으면 더 좋겠다는 생각에 주문했어요
맛이 좋아서 먹는 동안 어렵지않았어요
아직은 좀더 꾸준히 먹어봐야할꺼같아요
거부감없는 맛과 향이라 좋았어요"
jhy0***,5,2023-11-12,"요즘 레티놀에 꽂혀있어서 화장품도 레티놀 화장품만 쓰고 있어요! 먹는 레티놀인 점도 좋았고 대기업 제품이라 믿고 구매했습니다. 레티놀 부작용이 피부가 좀 어두워질 수도 있다는 점인데 비타민도 함께 들어있어서 그 점은 보완이 될 것 같아서 더 마음에 들어요!
일주일쯤 열심히 먹었는데 피부 톤은 아직 확실한 차이는 없는데 피부결이 엄청 부드러워졌어요. 열심히 먹어보려구요. 효과가 기대됩니다!"
kej1***,5,2023-11-13,바르는 레티놀이 아니라 먹을 수 있는 제품이 나왔다 해서 구매했습니다. 레모나처럼 편하게 한 포씩 먹을 수 있어서 좋았어요. 신 걸 못 드시는 분들은 많이 시다고 느끼실 것 같았어요. 이걸 먹고 나서 피부 속에서 광이 올라와서 그런지 안색이 좋아졌다는 소리를 많이 듣고 있어요. 30포 중에 반도 안 먹었는데 다 먹었을 때의 변화가 기대가 됩니다!
ramu***,5,2023-12-08,먹는 레티놀에  호기심이 생기던 차에 라이브 톡이 와서 구매합니다. 매우 고운 가루제형으로 레몬맛이 강합니다. 그래서 매일 복용할 수 있을 것 같습니다.
rlaq******,5,2023-11-07,"레티놀 얼굴에 바르는 것만 사용해봤는데, 속부터 채울 수 있어서 좋은 것 같아요. 맛도 상콤하고 입이 심심할 때 간식 대신 먹어도 좋을 곳 같아요. 한 포 씩 들고다니고 여기저기 두고 다니기에도 좋은 것 같아요 레티놀 뿐만 아니라 다른 비타민이나 다른 성분들도 들어 있어서 젛음"
ekre******,5,2023-11-07,먹는 레티놀은 처음이예요~크림은 많이사용했는데~간편히 들고 다니면서 1포씩 먹을수 있다니♡ 너무편해요~1포씩 뜯어서 먹으면끝~!물에타서 먹거나 그냥 가루만 먹는방법이있는데 저는 그냥 물없이먹었어요~ 레몬맛?시트러스향?새콤한 맛이라 크게 호불호는 없어보입니당~~환절기에 피부가 지치고있는데 바이탈뷰티 슈퍼레티놀C로 생기찾고싶어요^^
dnjs******,5,2023-12-19,재구매성분이 마음에 들어서 샀는데 맛도 좋아서 재구매했습니다
gngn***,5,2023-11-07,"레티놀은 콜라겐 형성과 색소침착을 개선하는데 도움이 된다고 알고 있어요.
피부미용을 위해서 레티놀이 함유된 화장품을 피부에 발라서 흡수시키는 것도 방법이겠지만 직접 먹어서 섭취하면 더 도움이 되지 않을까 생각합니다 ㅎㅎ
일단 뜯어서 먹어보니 슈퍼 레티놀C는 가루가 엄청 고와요. 그래서 딱히 물이 없어도 가볍게 한 입에 털어놓고 먹기좋네요 입안에서 금방 사르르 녹습니다~ 망고맛이 나서 특별히 망고향에 거부감이 없으면 맛도 나쁘지 않아요 각종 비타민들도 많이 함유되어 있어서 앞으로 꾸준히 섭취해보려고 합니다~ 피부개선에 꼭 도움이 되었으면 좋겠네요!더보기"
home*******,5,2024-01-06,"한달사용기하루에 2포씩 먹고 있어요. 
콜라겐만큼 눈에 보이는 효과는 없지만, 그래도 꾸준히 먹고 있어요."
onet****,5,2023-11-07,레티놀이 피부에 좋다고해서 사용하고싶었는데 먹는 레티놀이 있다고해서 궁금해서 구매해봤어요! 리뷰중에 맛이없다고 한 리뷰가있어 걱정했는데 맛이없기는커녕 오히려 맛있어서 놀랐네요ㅋㅋ 좀 달달한 레모나 느낌이에요! 가지고 다니면서 먹기에도 편하고해서 너무 좋고 이제 부디 효과도 좋았으면하는 바램입니다ㅎㅎ 먹어보고 좋으면 재구매할께요!
iwis*******,5,2023-11-15,아모레퍼시픽의 화장품 기술은 믿고 바르잖아요? 근데 그 기술력에 피부과 전문의랑 공동개발 했다고 해서 관심이 많았어요. 바르는 것보다 먹는 게 효과가 클 것 같아서요. 맛도 약맛이 날까봐 걱정했는데 새콤해서 맛있게 먹을 수 있었어요. 비건 인증에 믿을 수 있는 성분이라 앞으로도 꾸준히 복용하려구요. #속광속결 #먹는레티놀 #슈퍼레티놀C
kmy0***,5,2023-11-07,"레티놀이함유된 비타민을 피부가 아닌 먹는것이 있다니 반가웠어요
파우더 형태라 목넘김이 좋고 흡수도 좋을듯하고 맛도 거부감 없이 좋아요
피부과 전문의 공동개발이라니 더욱 믿음이 가고 기대가 되요
꾸준히 먹어볼께요"
jobp***,5,2023-12-24,한달사용기편하게 먹을 수 있어 좋아요
knr0***,5,2023-11-15,"우선 유통기한이 넉넉해서 좋아요. 심지어 각 포마다 유통기한이 인쇄되어 있어서 먹을 때 안심할 수 있어요.
그리고 먹기 너무 간편하고 맛도 좋아요. 물없이 털어넣어 먹을 수 있어요. 슈퍼 레티놀 섭취로 피부가 나아지길 바라요."
babo******,5,2023-11-14,먹는 레티놀 이라니요! 너무 너무 놀라운 제품인거 같아요~ 맛은 너무 상큼해요 상큼한 만큼 얼굴이 밝아 지는 기분이에요! 바르는 거 귀찮으신 분들 한테는 너무 너무 꿀템 입니다! 다른 분들도 꼭 드셔 보셨으면 좋겠어요
aili******,5,2023-11-09,먹는 레티놀! 처음 입니다. 일단 배송 빠르고 포장이 꼼꼼해요. 받자마자 저녁 먹고 한 포 먹어봤어요. 엄청 새콤 달달해서 맛있어요. 바르는 것도 좋지만 먹어서 흡수 시키는 것도 좋잖아요~? 슈퍼 레티놀 C는 가볍게 한 포씩 파우치에 넣고 다닐 수 있어서 더 좋을 거 같아요. 오늘도 하나 챙겼습니다~ 꾸준히 먹어보려고요 ☺️
ushi*****,5,2023-11-11,처음 먹을땐 좀 약맛이 나고 희한했는데 4일째쯤 먹으니까 적응했는지 맛이 비타민제같고 먹을만해요ㅋㅋ 피부 영양제 이것저것 먹고있는데 레티놀까지 영양제로 나오다니~! 바로 구입했어요. 비타민이 많이 포함되어 공복말고 식후에 먹는게 속에 좀더 편한것같아요. 2주정도 한포씩 먹다가 이후에 2포씩 먹어볼게요. 효과를 기대합니다!
tkrk******,5,2023-11-07,"이너뷰티 제품을 사본 건 처음인데 사게된다면 아모레퍼시픽 제품을 사보고 싶다고 생각했었어요. 마침 비타민씨 제품을 바꿔보고싶다고 생각했는데, 먹는 레티놀 파우더라니 너무 흥미로워서 구입해봤어요. 
배송 정말 빨랐고, 저는 물에 타서 저어 마셔봤는데 망고과즙분말이 들어갔더니 달달하고 망고향 나서 마시기 좋았어요. 
가라앉은 잔여물이 짭짤새콤한 맛이 있었네요. 꾸준히 마셔보고싶어요. 효과가 기대됩니다."
ores*****,5,2023-11-13,"유통기한이 엄청 길어서 아주 넉넉하고
먹는 레티놀이라 이너뷰티 챙기기에도 너무 좋은 제품이에요
맛은 새콤달콤해서 레몬맛의 비타민C 먹는 것 같고 입에 넣자마자 사르르 녹아서 먹기도 편해요
입자가 가늘어서 입속에서 금방 녹아서 물없이도 먹을 수 있을 것 같고 한포씩 낱개 포장으로 휴대용으로 갖고 다니기에도 아주 편리합니다
자신을 위해서도 선물용으로도 만족도가 높을 것 같은 제품이에요😉더보기"
see0***,5,2023-11-15,"레티놀이 바르는 것만 보다 먹는것이 있다고 해서 얼른 구매 했습니다
두 개 이용 한다면 좀 더 효과를 보지 않을까요?
피부에 관심이 많은데 다양한 것들이 나와서 저를 힘들게 하네요 ㅎ 
일단 맛은 상큼해서 맛이 있구요
가루타입인데 엄청 고와서 그냥 먹어도 괜찮네요
꾸준히 먹어서 효과가 있기를 바랍니다^^더보기"
mins***,5,2023-11-09,"배송도 빨랐구요 ㅎㅎ 육아하면서 피부가 너무 칙칙하고 푸석하다는 느낌이 많이 들어서 뭐가 좋을까 알아보다가 바이탈뷰티 슈퍼레티놀을 알게 되었어요.
우선 포로 되어 있어서 휴대하기도 좋고, 가루로 되어 있지만 굳이 물이 없어도 돼서 먹기도 편해요 ^^ 맛도 상큼하면서도 독특한듯 아닌듯 너무 매력있어서 자꾸 먹고싶어지는 맛이에요!! 
꾸준히 먹어볼 생각이에용 ㅎㅎㅎ"
kimr***,5,2023-11-15,"레티놀은 처음 먹어봤는데
바르는 제품만 사용하다가 먹는건 처음이라 신기하네요
아무리 봐도 바르는 것보다는 먹는게 흡수도 잘되고 낫지 않을까 싶은 마음으로ㅎㅎ
영양제 살 때 꼼꼼히 따져보고 사는데 아모레퍼시픽 제품이라 믿고 샀습니다
맛은 비타민C처럼 상큼하고 소포장 되어있어 먹기편해요"
kyun********,5,2023-11-08,"레티놀이 피부에 좋은건 아는데 영양제도 있어서 구매해봤어요~

피부에 바르고 먹기까지하면 피부가 더 좋아지겠지하는 기대감이 뿜뿜이에요.😆

환절기라 피부가 슬슬 건조해질 시기인데 꾸준히 챙겨먹어줘야겠어요. 패키지도 노랑노랑 이쁘고 이지컷이라 먹기도 쉬워요. 맛도 상콤상콤 맛있고 물없이 먹을 수 있는 제품이라 가지고 다니며 챙겨먹기도 좋네요.😁더보기"
pjb6***,5,2023-11-10,"😍 먹는 레티놀의 출시
주름개선, 미백, 피부노화 개선에 효과가 있는 먹는 레티놀이 나왔다고해서 구입하였는데요.
비타민A성분 함유와 레티놀도 비타민A의 한 종류로써 맛도 비타민같고 가루형태라 그냥 먹거나 물에 타먹어도 됩니다.

꾸준히 섭취하고 있는데요 하루 1-2포로 피부에 바르지않고 간편하게 섭취만으로도 레티놀을 채워줄 수 있다는 사실이 너무 좋네요🤗

그냥 먹어도 비타민처럼 시지않아 부담없고 물에 타먹어도 부드러우니 너무 좋습니다.더보기"
soni***,5,2023-12-10,"한달사용기운동하면 비타민을 잘 챙겨먹어야 된대요
그래서 헬스장에서 운동하고 1포씩 먹는데
안팎으로 건강해지는 느낌이에요 > <"
kboh****,5,2023-11-08,"피부에 고민이 많은 요즘에 슈퍼레티놀을 처음 접하고 계속 꾸준히 먹으려고 더 샀습니다!! 먹으면 새콤하고 계속 생각나는 맛이에요ㅋㅋ 그래서 며칠간은 1포만 먹다가 이제는 2포씩 먹어요 가루도 고와서 부드럽게 넘어가고 바로 사르르 녹아요! 그리고 한번 더 쳐서 싹싹 다 나오게 먹습니다ㅎㅎ 저는 다른 비타민은 울렁거려서 이것도 안 맞을까봐 걱정했는데, 다행스럽게도 아무이상없이 꾸준하게 잘 먹고있어요"
yooh****,5,2023-11-14,"바르는 레티놀도 사용하고있지만 여드름도 고민이라 판토텐산이 포함된 영양제를 찾고있던중 발견했어요~ 
우선 믿을수있는 아모레에서 나온 제품이었고, 피부과 전문의까지 참여했다니.... 신상은 못참죠~~

하루 1개씩 먹으려다가 너무 맛있어서 일주일동안 하우 2개씩 먹고있는데 요즘 가볍게 화장해도 밝아진거같습니다!

맛있고 먹기 편하다는게 역시 가장 중요한거같아요!더보기"
endh***,5,2023-12-20,"한달사용기맛있고 간편하고
속건조도 잡아줘요"
ekwd****,5,2023-11-13,"맛은 약간 다르지만 꼭 비타민 레모나 먹는 느낌으로 맛있으면서 간편해서 좋아요!

레티놀을 피부관리차원에서 바르고자 하는데 부작용을 감수해야하는 편이라 어려운점이 있었습니다.

간편히 먹을수 있는레티놀이라니!

먹는 레티놀이라는 신박한제품 효과가 있기를 기대해 봅니다.

한편으로는 먹을때의 흡수율이 얼마나 될런지 의구심도 들지만 보름동안 꾸준히 먹어본후 또 리뷰 남기겠습니다!더보기"
dlfh*******,5,2023-11-13,"맛이 넘 맛있어요
예전에 그 가루인데 껌으로 변하는 그 맛이 나요.
입에 넣자마자 바로 녹아서 먹기 간편하고
비타민c뿐만 아니라 레티놀도 같이 들어있어서 그런지  피부가 더 광나는거 같아요
그냥 가방에 넣어두고 생각날때마다 하루 2번씩 먹어요. 물없이 먹는다는게 간편해서  좋은거 같아요"
fusi*****,5,2023-11-10,"주근깨부자라 기미잡티관리에 관심이 많은데 먹는 레티놀이라니! 안살수없었어요 ㅎㅎ 

일반 비타민 파우더 보다 훨씬 입에 잘녹고(눈처럼 사르륵 녹았음) 너무 시지 않아서 좋아요~ 덜어서 확인해보니 입자가 정말 곱네요~ 

꾸준히 먹어보면 효과있을거같아요!!더보기"
jobp***,5,2023-11-12,"레티놀 성분 있는 화장품들이 피부에 자극이 되어서 부담스러웠는데
간편하게 한포씩 먹을 수 있는 제품이라 기대가 됐어요
역시나 바이탈뷰티에서 만든 제품인만큼 맛도 목넘김도 최고네요
일단 상큼한 맛에 합격 ㅎㅎ 입자가 곱고 잘 녹아서 편하게 먹을 수 있어요
하루 한포 1달 꾸준히 먹으면서 관리해보려고 합니다. :)"
dabo****,5,2023-11-12,"아모레퍼시픽 바이탈뷰티의 신작!! 
먹는 레티놀c!!!
안 그래도 요즘 레티놀 화장품을 바르고 있었는데 먹는 레티놀이 생겼다니!! 기쁜 소식이 아닐 수 없습니다. 
날씨가 추워서인지 얼굴도 칙칙해보이고 다시 생기는 얼굴로 돌아 가고 싶은데 어떻게 할지 고민 하다가 발견한 제품입니다!!!
 속광채와 생기를 채우는 레티놀!! 
모링가추출물의 식물성 레티놀로 입자가 곱고 입에서도 사르륵! 찬물에도 사르륵 잘 녹아요!!
가까운 올리브영에서 쉽게 만날 수 있어서 더욱 좋네요!!
더 먹어보고 후기 남길게요~!!더보기"
pans****,5,2023-11-09,먹는 레티놀 슈퍼레티놀~💕 나이드니 주름. 미백기미 신경 많이 쓰여 레티놀 챙겨바르고 있는중 먹는 레티놀 추천받아서 구입했어요.맛도 좋고 먹기 편해서 좋구여 레티놀때문인지 얼굴이 좀 밝아졌어요~꾸준한 관리가 중요하니 꾸준히 먹어볼려구여
kims*****,5,2023-11-15,"피부건조의 피부결 고민때문에 섭취하게되었는데
수퍼레티놀엔 비타민C와 판토텐산등이 풍부해서 생기있는 피부에 도움이 된다고해서 복용중인데 가볍게 비타민섭취목적으로 복용하면서 피부결까지 챙기게되니 더욱 편하고 1석2조네요
맛도 상큼한 시트러스라서 기분좋아집니다
하루1포로 속광속결 챙길수있어요"
on****,5,2023-11-15,레티놀을 먹는 걸로 관리할 수 있다는게 편리하고 좋을 것 같아 구매해봤어요! 배송온 뒤로 계속 챙겨먹고 있는데 피부가 확 바뀌지는 않지만 조금 생기있어 진 것 같아서 계속 먹어 보려구요! 먹으면서 피부관리할 수 있어 간편하고 만족합니다! 재구매할 것 같아요~!
mkds****,5,2024-01-03,재구매얼마전에 시켰는데 만족해서 미리 하나 더 주문했어요 감사합니당
refr*****,5,2023-11-07,"레티놀이 피부노화방지에 좋다고 해서 찾아보다가 먹는 레티놀이 있다는걸 처음 알았어요
아모레페시픽 제품이라 성분이나 제품에 대한 신뢰가 확 들었네요. 상큼한 레몬맛 파우더가 입에 사르르 녹는게... 지금까지 먹어왔던  분말형 보조제와는 차원이 다르네요. 먹을때 기분이 너무 좋아요. 
레타놀 흡수를 돕는 비타민과 아연도 풍부하게 들어있어서 피부 개선효과에 정말 좋을 것 같아요. 꾸준히 먹고 한달후 후기도 또 올릴게요!"
star********,5,2023-11-13,민감한 피부라 레티놀 성분이 좋다는 건 알지만 자극감을 느낄 때가 있어서 조심스럽게 사용하고 있었는데 먹는 레티놀이 있더라구요! 그래서 궁금해서 구매해보았습니다! 맛도 거부감 없는 상큼 달달한 맛이라 맛있습니다! 꾸준히 먹어보려구요 추천합니다!
soao*******,5,2023-11-15,레티놀을 이렇게 간단하게 먹을수 있어서 너무 좋았어요!!! 이렇게 개별포장 되어있는게 좋은것같습니다 ㅎㅎ 맛있어요! 강추
isea***,5,2023-11-08,"피부 잡티도 고민이고 레티놀이 피부 안색에 좋다고 해서 구매했습니다!
바르는 것보다 먹는 게 효과가 더 좋다고 하는데 바이탈뷰티를 평소에도 애용해서 여기서 나온 레티놀이라기에 믿고 구매하였습니다ㅎㅎ
맛은 망고, 레몬맛이고 완전 상큼하고 맛있어요!"
rlad*******,5,2023-11-09,"먹는 레티놀은 어떨지 궁금해져서 규매했어욥 !
일단 아모레퍼시픽에서 만든거라 믿음 팍팍❤️‍🔥 
저는 하루에 한포씩 먹고있는데 상큼한 맛이 나서 가볍게 먹기 좋고 속아프거나 불편한 느낌도 없어서 만족이에용!!
피부 변화도 기대해봅니다 💕"
dore*****,5,2023-11-15,새콤달콤하고 가루 입자가 엄청 고와서 혀에 닿자마자 사르르 녹아요!!길어야 5초밖에 안 걸리는 초간단 피부관리👍이제 겨울이라 많이 춥고 건조한데 간편하게 섭취할 수 있는 슈퍼레티놀로 관리하려구요 재구매 의사 있어요
ig****,5,2023-11-08,"레티놀 좋은건 알고 있었지만 바르는 레티놀은 적응하기가 힘들어서 가끔만 사용해오다가 먹는 레티놀이라고 해서 호기심과 기대감을 갖고 구매했어요
1포씩 개별 포장이라 휴대하기도 간편하고 아주 고운 파우더 형태라서 입안에서 바로 사르르 녹고 상큼한 비타민 맛이 나서 거부감 없이 먹을 수 있어요
비타민c와 판토텐산을 함유하고 있다니 생기있고 환하게 톤업됐으면 좋겠어요"
p264*****,5,2023-11-11,"레티놀은 바르는 제품에 들어있는 성분만 생각했었는데 먹는 레티놀이 있다해서 냉큼 구입해봤어요!!
식품이나 영양제 등 입으로 들어가는 제픔들은 제가 워낙 예민해서 꼼꼼히 따져보는 스탈인데
아모레퍼시픽에서 나온거라 믿고 구매햇습니다!
일단 가루형태로 되어있어 물과 함께 섭취하기 좋네용
맛은 새콤? 상큼? 한 향이 나구요
지금은 한포씩 섭취하지만 꾸준히 먹어보고 1일2포로 늘려보려구요~ 몸에 좋은 영향이 있길 기대해봅니당!더보기"
seol******,5,2023-11-09,"뮤조건 재구매 🙆🏻‍♀️
이미 집에 뜯지 않은 두박스나 있어요 ><
바르는 레티놀도 찬양 하는 저는 먹는 레티놀도 쟁이기 시작인데요 기분탓인지 일단 몇주 먹고 나니 피부가 하루종일 뽀얘요 칙칙함이 없음
일단 믿고 사는 바이탈 뷰티라 집에 없는 제품이 없지만 이렇게 눈에 띄게 효과를 본, 제일 마음에 든 제품은 먹는 레티놀 입니다 
고운 입자의 가루에 입에서 사르르 녹아여 존맛
알약이면 매일 챙겨 먹기 귀찮았을건데 이건 그냥 챙겨서 나가면 언제든 바로 먹을 수 있습니다
앞으로 매일 먹게 행사 많이 했으면 좋겠어요 ㅜㅜ💛더보기"
1134****,5,2024-01-03,맛도 괜찮고 편리해서 좋아요 감사합니다
yuri*****,5,2023-12-17,효과있길 기대해봅니다 맛있어서 먹기좋아요~~
oshc***,5,2023-11-09,"요즘 파우더형으로 영양제도 챙겨먹고 있는데
피부에 도움되는걸 찾다가 
레티놀을 알게 되었어요
피부광택을 위해 선택했어요
비타민A부터 시작해서C,E도 포함되어
황산화를 더욱 활성화 되어 
흡수도 잘된다고 하니 믿고
먹어 봐야죠ㅎㅎ
시트러스 향의  파우더 타입이라
먹기도 상큼하니 좋아요
엄청 잘녹아서 사르르 넘어가요더보기"
heca****,5,2023-11-11,레티놀 먹는 제품으로 나오다니 신기하네요 먹으면 흡수가 더 잘 될 것 같은 느낌예요 그래서 더욱 효과가 있지 않을까 기대가 됩니다 상큼한 맛이라서 먹기에도 부담없어서 매일 잘 챙겨먹고 핍 건강 잘 챙겨보려고 합니다 효과 기대해 봐요~
sinm******,5,2023-11-09,"요즘 환절기라서 그런지 피부 뒤집어져서.. 찾아보다가 슈퍼레티놀을 알게됐어요
비타민C에 더해서 다양한 비타민 성분을 맛있게 한 포로 섭취할 수 있어서 좋은 것 같아요
과다복용은 안되는 것 같아서 기존에 먹던 비타민c는 중단하고 이거로 계속 먹어보려구용 ㅎㅎ"
goeu******,5,2024-01-07,맛있어요 효과는 지켜봐약겠어요
tsch***,5,2023-11-10,"한포씩 먹기 간편하고, 비타민이 매우 풍부한듯 맛이 찐하네요. 맛있고 먹기도 편합니다. 
퇴근시간되면 녹초인데..  
바이탈 슈퍼레티놀C 덕분인지 가뿐하네요."
dode***,5,2023-11-08,"먹는 레티놀은 첨 들어봤는데 
레티놀에 특화된 아모레퍼시픽에서
나온 제품이서 믿고 주문했어요~
레티놀과 비타민c가 같이 첨가되서
꾸준히 먹으면 피부가 밝아지고 속광이 나온다는
백옥파우더라니 꾸준히 먹는데
어서 피부가 좋아졌으면 좋겠어요!!
파우더타입인데 양도 섭취하기 딱좋고
입안에서 잘녹아서 목넘김 괜찮고
무엇보다 진짜 맛있어요!!더보기"
minj*******,5,2023-11-09,일단 가루형은 맛이 괜찮아야 한다 생각하는데 이건 그걸 넘어서 맛있습니다 시트러슨데 그냥 달아요 좀 시큼달달..? 그래서 계속 먹을 수 있는 맛이에요 영양분도 골고루라 계속 먹고싶습니다 가격 착할때 사기
disk****,5,2023-11-15,"일명 먹는 레티롤화장품으로 유명한 제품!
주문한 다음날 바로 배송되었습니다.
한 포 뜯어서 먹어보니 조금은 시고 상킁한 맛이네요.^^ 바르는 레티놀크림만큼 먹어서 효과를 볼 수 있다고하니 꾸준히 복용해서 개선된 피부를 유지하고 싶네요.^^"
hoon*****,5,2023-11-08,"요즘 레티놀 제품 자주 바르고 있는데 먹는 레티놀도 있다고 해서 신기해서 사봤어요
근데 진짜 먹기 너무너무 편하고 좋네요
무엇보다도 가루가 지인짜 고와서 입에 들어오자마자 콜록콜록 할 새도 없이 사르르 녹아버려요
첫 맛은 시큼한 듯 한데 결국 끝 맛은 단맛으로 끝나네요
되게 맛있어요 ㅎ"
choc********,5,2023-11-10,"넘 맛있고 최근에 산 건강챙김식품중에 가장 만족스럽습미자 사르르 들어가자마자 녹는 가루가 새콤달콤하게 쑥 사라져요. 
솔직히 하루에 최대 두포인거같은데 다섯포도 먹을 수 있을 지경이거든요 책임져주세요…. 맛있어서 또 사고 싶음"
rose****,5,2023-11-13,"노화 예방으로 레티놀 핫하잖아요. 화장품만 사용하다가 먹는 레티놀이 출시되었다하여 구매해봤어요.
바이탈뷰티 슈퍼레티놀c 는 10팩씩 3봉으로 구성되어있답니다 하루에 2포가 권장이에요 가루입자가 엄청 곱고 상큼한 맛이에요 바르는것과 먹는것을 복합해서 사용하면 레티놀 흡수가 더 빠를것 같아서 저는 세럼도 바르고 슈퍼레티놀c도 함께 복용합니다"
gpal*****,5,2023-11-08,"레티놀제품을 저녁에 잠잘때 바르곤 했는데 먹는 레티놀이 나와서 너무 반가웠어요.
날이 추워져서 더 푸석해진 피부에 생기를 불어줄것같아요.
알약같은타입이아니라 개별포장된 과립형태라 먹기도 편하고 간편하네요.
피부고민있으면 꼭 먹어봤으면 좋겠네요.
이너케어도 매우 중요하니깐요."
mkds****,5,2023-12-26,배송 빨라서 너무 놀랐어요! 도착하자마자 한포 먹었는데 맛도있네요 감사합미당~
leid********,5,2023-12-14,함량 더높은 새로나온 콜라겐 너무 맘에듭니다
amoz****,5,2023-11-08,"피부전문기업 아모레퍼시픽의 기술과
피부과 전문의 공동개발로 완성된
레티놀 파우더래요~
완전 먹기 넘 편하고 물에도 잘 녹아요.
어차피 물을 마셔야해서 
저는 물에 한번 타봤거든요~
맛도 좋아요^^~ㅎㅎ더보기"
jhzz******,5,2023-11-15,"일단 믿고섭취하는 아모레 퍼시픽제품이고 ^^
요즘 콜라겐이나 글루타치온만 복용하고있었는데
아무래도 피부 속관리는 안되는것같아 걱정중에 바르는것만 있던 레티놀이 섭취형태로 나와서 비타민C섭취하듯 매일 1포씩 먹었어요
40이 넘어가며 얼굴도 칙칙해지고 일단 넘 건조해서 푸석했는데 복용전보단 개선된 느낌이고 섭취도 시지않은 레모나 맛이라 맛있고 쉽습니다더보기"
ghgu*****,5,2023-11-12,"바르는 레티놀 화장품은 
피부에 자극적일 수 있어 고르기 까다로운데
먹는 레티놀이라니 넘 편하고 좋네요.
집, 회사에 놓고 생각날 때 1-2회 먹어주는데
상큼한 맛이라 졸릴 때 잠깨기도 좋아요.
신 거 잘 못 먹으면 입에 넣었을 때 몸이 움츠러들수도?ㅋㅋ더보기"
hany***,5,2023-11-09,"아주 상콤합니다ㅋㅋㅋ
피부에 좋으라고 화장품도 죄다 레티놀제품으로 바꿨는데 먹는 게 있다고 하니 이것도 사봤어요;) 아직 먹은 지 얼마 안돼서 확실한 효능은 잘 모르지만 분명히 안 먹은 거랑은 차이가 있다고 생각합니다! 포장도 쉽게 따지게 되어있어서 아침에 한 포 챙겨 나가서 아무때나 똑 따서 먹으면 되니까 엄청 편해요!"
seoy****,5,2023-11-11,레티놀 제품 바르면 피부가 뒤집어지는 편이라 늘 좋은 제품이 나와도 바르기 어려웠는데 이건 먹는 레티놀 제품이라 구매하게됬어요. 세 번째 먹었는데 피부가 밝아진것도 같고 좀 더 지난뒤에 두 개씩 먹어서 효과 좀 높여보려고 합니다 ㅎㅎ
uaki*******,5,2023-11-09,레티놀이 바르는 것도 있긴 하지만 한 번씩 피부가 뒤집힐 가능성도 있고 이제품만 계속 바를 순 없는데 먹는 레티놀이 나왔다고 하길래 대기업에서 나온 거니 믿고 사봤어요 점심 식사 이후에 먹으면 좋다길래 주로 이시간대에 먹고 있고 맛은 어릴 때 뭔가 먹어봤던 불량식품 맛이랑 비슷해요 하지만 나트륨 함량이 생각보다 높아서 걱정되긴 하네요 더 꾸준히 먹어보고 효과 봤으면 좋겠네요
95****,5,2023-11-07,요새 레티놀에 관심이 많았는데 편하게 먹는 레티놀이 나왔다고 해서 구매했습니다. 일단 상큼한 느낌의 새콤달콤한 맛이 나서 좋고 물 없이도 충분히 섭취가 가능하여 너무 좋습니다 꾸준히 복용해서 피부가 좋아졌으면 좋겠네요. 성분을 보니까 기대가 됩니다
kiou****,5,2023-11-15,"결혼식을 한달 앞 둔 예신이에요:) 어두운 피부톤에 조금 더 관리할 수는 없을까 고민하던 중에 슈퍼레티놀C 제품을 알게 되어서 꾸준히 먹고 있어요. 우선 한포씩 되어 있어서 들고 다니면서 먹기가 너무 편하고, 유통기한도 넉넉하니 구매해서 두고 먹기에 너무 좋은 것 같아요!"
alex*****,5,2023-11-10,요거 일단 이지컷이 뜯어도 가루 안 날리게 좋고요! 성분이 굉장히 알차요. 영양제 챙겨먹기 귀찮아 하는 사람들 이거 하나 챙겨먹으면 많은 성분 커버되네요. 그리고 맛이 진짜 눈 확 뜨이게 상콤하면서도 체리향이 받쳐줘서 이렇게 새로운 맛 비타민 처음인데요 ㅎㅎ 맘에 들었어요. 이건 주변에도 강추함. 가격도 저렴하네요.
conj***,5,2023-11-07,"평소에 레티놀 화장품 진짜 좋아하는데 먹는 레티놀이 나왔다고 해서 구매했어요 
레티놀뿐만아니라 다양한 비타민이 들어가있어서 종합비타민 대신 먹어도 될거같아요~
맛도 달콤 상큼하고 자일리톨 먹는것처럼 시원한맛도 있고 향긋해서 먹기 좋아요 ~맛있습니다"
dlad********,5,2023-11-11,"레티놀이 피부에 좋은건 알지만 민감한피부는 레티놀성분들어간 화장품들이 잘 안맞더라구요ㅠ 그래서 딱 손쉽게 복용할 수 있는 레티놀제품이 있다길래 구매해보았습니다!
레모*처럼 그냥 봉지 뜯어서 먹으면 물없이도 입에서 잘 녹아요 맛도 상큼하니 괜찮네요! 
꾸준히 복용해서 피부도 좋아지길 기대합니다😆"
viva********,5,2023-11-07,레티놀이 피부 잡티 개선에 좋다고 해서 기대를 품고 먹고 있습니다. 아모레퍼시픽과 피부과 전문의 공동개발로 만들어진 제품이라니 믿음이 가네요! 한 포씩 포장이 되어 있어 먹기 편하고요. 물 없이 직접 섭취하는 건데 맛은 상큼하네요. 아이셔 맛입니다. 피부 거칠어지는 추운 날씨에 슈퍼 레티놀 C가 잘 지켜줬으면 하는 바람이에요.
mmm3***,5,2023-11-12,비타민이라서 신맛일줄 알았는데 달콤한 복숭아 맛 나서 입가심 대용으로도 조아요~ 자기전에 한포 먹는데 입에 달달하니 기분좋게 잘 수 있습니다 원래 비티만 메가도스 했어서 부담은 없어요
cook******,4,2023-11-08,"여름에 자외선에 피부가 칙칙하고 피부결이 좋지않아바르는 레티놀만 사용하다 이번에 먹는  레티놀제품에 몇가지 영양성분도 첨가되어있어 구매했습니다 
낱개포장으로  먹기 편하고  휴대하기도 좋고 물없이 간편하게 먹을 수있어서  좋네요
맛도 상큼하면서  단맛도 좀 느껴지네요
광채있는 피부를 기대하며 꾸준히 복용해볼려구요~"
oyj9***,5,2023-11-15,"전 이미 에센스, 크림 전부 아이오페 레티놀 라인으로 사용하고 있어요 ㅎㅎㅎ 효과를 보고 있는 터라 먹는 레티놀에 혹해서 사봤구요 삼분의 일 정도 먹었는데 얼굴톤이 일정해진 느낌이에요 영양보조식품으로 먹는거다보니 아직 드라마틱한? 효과까지는 모르겠지만 맛있어서... 좋습니다 바이탈뷰티 믿고 사고 먹습니다"
amms*****,5,2023-11-10,생각보다 너무 맛있어요!! 그리고 파우더가 엄청 실키한게 먹어보고 놀랬어요!! 아모레 레티놀 제품 아이오페 프리메라 이니스프리 다 사용해본사람으로써 이번 먹는 레티놀도 엄청 기대가됩니당 판토텐산이있어 트러블관리도 될것같아요 다른영양제에 비타민A 겹치는성분 없는지 잘확인하고 먹어볼게요!!
kl****,5,2023-11-15,"비타민도 잘 안 챙겨 먹는 와이프가 레티놀은 기상하자마자 먹어요~~ ㅋㅋ
피부 신경 딱히 쓰지 않는데 요새 피부 좋아졌다는 소리를 좀 듣나봐요~~ 작은 선물이었는데 너무 좋아하니 미안하기도 했습니다. 떨어지지 않게 잘 챙겨줘야겠어요~~"
ll41****,5,2023-11-11,"포장지부터 상큼하니 기대됐어요.
요즘 핫한 레티놀 성분을 섭취할 수 있다니!
신거 못드시는 엄마도 드실 수 있는 새콤함이에요. 레티놀이라니 엄마가 더 좋아하시더라구요.
광채 효과가 있길 바라면서 같이 꾸준히 먹어보려구요!"
ultr******,5,2023-11-10,"화장품으로 된 레티놀은 사용중이긴 먹는 레티놀은 처음 봤어요
비타민C먹을 때 처럼  입에 털어서 먹었는데 차가운 느낌에 고운 가루였고 맛있게 상큼했어요
업무 중 체력이 좀 딸리고 졸릴 때 먹으니 좋더라구요
꾸준히 섭취하면서 피부와 체력보강에 좋을 것 같아요"
cett****,5,2023-12-26,"탄력도 즁요하고, 얼굴 톤도 중요해서 구매해봤습니다. 효과있기를 바랍니다"
yura***,5,2023-11-15,화장품으로 발라도 효과가 없던 레티놀 성분을 섭취함으로써 더 피부가 윤기 나고 좋아지는 것을 느낍니다 매일 레티놀 크림 연구를 얼굴에 발라었는데 이제 바르지 않아도 될 것 같습니다 먹기도 너무 편하고 컴팩트 해서 들고 다니기 좋아요
4659***,5,2023-11-07,맛이 아주 고급스럽게 상큼한 맛입니다. 쏠라땡같은 간식 맛 아니에요! 탄력 관리는 레티놀 화장품만 알았는데 먹는 제품으로도 관리할 수 있다니 너무 좋네요!! 먹으면서 바르면서 같이 관리해보려 합니다ㅎㅎ 하루 한포씩 간단히 먹기 좋고 맛있고 가지고 다니기도 편해요!!
lye5***,5,2023-11-15,"레티놀 바르기만 해도 효과가 너무 좋은 성분인데
먹기까지 하면 피부가 얼마나 좋아질까 하고 구매했네요
일주일 간 먹었는데 뭔가 광이 생긴 것 같습니다~ 우연일 수도 있지만 ㅋㅋㅋ
되게 상큼한 맛이에요 !!물없이 먹어야 해서 
신거 못먹는 분들은 조금 😝이렇게 될 수 있어영ㅋㅋㅋ"
supe****,5,2023-11-08,"먹는 레티놀파우더 라기에 궁금했고, 또 여드름에 효과 있다는 판토텐산 성분도 함유되어 있어서 구매했어요.
가루 파우더는 맛없으면 못 먹는데, 자일리톨이 들어가서 첫맛은 시원하고 끝맛은 새콤해서 맛있네요."
blue*******,5,2023-11-12,"아모레 아이오페 레티놀을 바르고 있는데, 먹는 레티놀 파우더가 나왔다고 해서 동시에 피부에 바르고 먹으면 더 효과적일 것 같아 구매했어요. 아모레에서 피부과의사와 공동개발한데다  비타민C 도 함유되어 있으니 꾸준히 먹고 광채피부 기대해봅니다. 한달후 반짠반짝 피부로  만나요!!!"
win1***,5,2023-12-08,한달사용기꾸준히 먹어보려합니다.. 레티놀 비타민이라 신경써서 하루 한포씩 꼭 먹으려 노력중입니다^^
love********,5,2023-11-08,"먹는 레티놀~♡궁금하기도 하고 알약못먹는 1인이라 가루형태로 되어있어서 좋아서 구매했어용
와우 맛도 넘 맛있고 먹기 간편하고 너무너무 좋네요 아직 드라마틱한 변화는 못느꼈지만 꾸준하게 먹어보고 후기 다시 남겨볼께요 
맛 합격 가격 합격~♡♡♡"
bree****,5,2023-11-07,"계속 먹던 레티놀 파우더라 구입했어요.
하루에 한 번 먹는데
새콤하니 맛있어요~^^ 여러 비타민이 들어 있어 피부에도 도움될거라  믿고 먹어요~~^

#광채파우더#먹는레티놀#슈퍼레티놀"
mjy1***,5,2023-11-13,"바르는 것만 생각했는데 편하게 먹을 수 있어 좋아요~!
이너뷰티에 진심인데 모르는 회사 제품도 종종 먹을 수 밖에 없었지만 아모레퍼시픽이라 선택했어요.
레티놀을 매일 바르면 피부에 자극이 되기때문에
먹는 제품으로 꾸준히 먹을 예정!!!"
smil*****,5,2023-11-08,"잘받았어요
요즘 피곤하고 피부도 푸석해지는데
비타민씨를 섭취하면서 레티놀까지 같이 섭취라니 너무 좋네요
상큼하고 맛있어요
꾸준히 잘 먹고 몸도 피부도 건강해질게요
추천합니다더보기"
ah****,5,2023-11-14,"레티놀 화장품 쓰고 신세계라고 느꼈는데, 보통은 밤에 바르는 용도이고 낮에 써도 자외선차단제를 발라줘야 해서 제약이 있었는데 먹는 레티놀이라니요. 레티놀이 섭취도 가능한 것인줄 처음 알게 됨. 섭취도 간편해서 좋습니다.
배송이 빠르게 왔고, 판매처가 아모레퍼시픽의 바이탈뷰티인 것도 믿을 수 있어서 좋습니다."
wldn*******,5,2023-11-08,레티놀은 바르는걸로 여러번 써봤는데 효과가 정말 좋더라구요 그랬는데 먹는레티놀이 나왔길래 구매해봤어요 먹는거라 더 조심스러웠는데 피부과 전문의 공동개발이라 조금 더 안심이 되더라구요. 하루에 하나씩 먹으려는데 효과가 좋았으면 좋겠어요 맛도 괜찮아요
euny******,5,2023-11-15,"먹는 레티놀이라 그래서 너무 궁금했어요!!! 바르는 레티놀도 효과가 좋은데, 섭취하면 얼마나 더 좋을지 기대했습니다!! 먹어보니 새콤달콤하고 좋아요!!! 피부도 왠지 더 좋아진 느낌..! 겨울에 필수템인 것 같아요🦭🤍"
lupe***,5,2023-11-13,"신맛도 안나고 맛있어요
가루입자가 곱네요~^^
매일먹어도 부담없어요
바이탈뷰티에서 나온거라 원료도 믿고 먹을 수 있어요~~"
sunz********,5,2023-11-09,"레티놀 좋아하는 화장품 성분인데
먹는 레티놀이 너무 궁금해서 구매해봤어요.
맛과 편리함이 좋아요. 맛은 시트러스로 상큼하고 물 없이도 간편하게 먹을 수 있어요.
최대 하루2개 라는데 저는 1포만 먹고있어요.
이런건 진짜 꾸준한게 중요한데 맛있어서 꾸준히 먹을 수 있을 것 같아요."
kyur***,5,2023-11-11,"완전 총알 배송!! 하루만에 받았어요!!
아모레에서 만든 먹는 레티놀이라니 피부에
넘 좋을 거 같아요💛
포장도 소분되어 있어서 편하고
맛도 시원 새콤 달콤 맛있어요🍋🍋🍋"
dtg5***,5,2023-11-13,완전 깨순이에 컨디션 안좋으면 바로 칙칙해지고 피곤한게 티나는 얼굴인데요 꾸준히 며칠동안 먹어봤는데 얼굴도 환해지는 것 같고 평소보다 더 생기가 느껴지는 것 같아요 더 꾸준히 먹고 빛나는 얼굴 기대하겠습니다👍🏻
at****,5,2023-11-08,"와! 엄청나게 달고 시네요. 단 맛의 여운이 길어 개인적으론 먹기가 좀 불편한데, 약을 맛으로 먹나요? 피부만 좋아진다면야 얼마든지 먹을 수 있습니다. 아모레퍼시픽과 피부과 전문의 공동개발로 완성된 레티놀 파우더라고 하니 꾸준히 복용하고 피부미인이 되보겠습니다!"
jys7***,5,2023-11-08,"우선 깨지거나 파손될 일이 앖는 제품이지만 포장이 꼼꼼하게오니 아주 마음에들었습니디. 
먹는 레티놀, 비타민성분이 들어잇는걸 표현하듯 상큼한 노란색 봉지로. 들고다니기 간편햇습니다
적당히 새콤 달콤해서 먹기에도 좋앗습니다.

바로 뚜렷하게 효과가 나타나지는 않지만 아모레 제품으로 믿고 먹는중입니다 ㅎㅎ겨울동안 투명한 피부가 되기를 ㅜㅜ"
tjd1****,5,2023-11-07,"먹는 레티놀이 처음이라 너무 기대됩니다~~
맛도 상큼하고 목넘김 힘듬없이 그냥 입에서 녹네요~~
파우더 스틱으로 되어있어서 한포씩 챙겨다니기도 편해요!!
한달꾸준히 먹고 효과봤으면 좋겠어요"
rlaw********,5,2023-11-07,"요새 먹는 레티놀이 대세인가봐요~ 신상으로 출시됐다길래 구매해봤어요 
바이탈뷰티는 다른 제품으로 이미 알고있던 브랜드라서 믿고 구매했구요 
아주약간 새콤달콤한 자일리톨맛이 나서 먹기 거북하지도않았어요 
하루에 2포씩 아침에 먹어주고있구요 
먹으면서 피부가 좀 탱탱해지길 바라고있어요 
꾸준하게 먹어보면서 한달뒤에 다시후기남기러올게요~더보기"
selr******,5,2023-12-14,가루가 고와서 먹기 편하고 맛있어요ㅎㅎ
park******,5,2023-11-08,얼굴이 칙칙해서 먹어보려고요. 10개씩 묶음 포장되어있고 속에는 개별포장되어 있어서 들고다니기 좋아요. 파우더 형태이고 먹으면 사르르 녹아서 물없이도 먹기 좋네요. 맛도 상큼해서 질리지않을 듯! 꾸준히 먹어봐야겠어요.
hael******,5,2023-11-15,맛있어서 한번에 먹다간 설사하니 조심하시구요 올영이 더 싸서 아쉽네요 그래도이너뷰티와 영양까지 챙길수있어 만족합니다 겨울에도 생기있는 피부 도전하려구요
qkrw******,5,2023-11-15,파우더 입자가 아주 고와서 물 없이 그냥 먹어도 돼요. 차가운 슈가파우더를 먹는 느낌 이에요. 레티놀을 바르기만 해봤는데 자외선을 피해야 해서 밤에만 바를수 있어 번거롭고 불편했는데 섭취를 할 수 있으니까 너무 편해요. 피부과 전문의 공동개발한 제품이라 더 믿음이 가요
ph13***,5,2023-11-11,가루로 되어 있어서 먹기에 너무 좋아요. 먹고 물 마시면 끝. 아모레에서 만들어서 더욱 믿음이 가요. 맛도 꽤 좋아서 먹기 편해요. 멋져요.
thea****,5,2023-12-31,배송도 빠르고 제품도 좋아요
akse******,5,2023-11-13,바르는 레티놀만 있는지 알았는데 먹는 레티놀까지 있다니!! 목넘김 좋은 가루형에 새콤한 맛이라 먹는 즐거움도 있어요!! 사실 저는 아직까지 효과는 잘 모르겠어요! 그래도 레티놀 피부에 바르면서 효과 받었으니깐 기대하고 있습니다!!! 한달 먹어보고 한달 후기 올릴게요 ㅎㅎ
sulj******,5,2024-01-11,먹기 편해요.....
soph***,5,2023-11-10,레티놀 에센스?앰플?이 효과가 좋더라구요 그래서 먹는 레티놀 나오자마자 바로 겟! 아모레퍼시픽에서 나온 제품이고 비타민c도 같이 있어서 고민없이 이 제품! 맛은 새콤달콤해서 먹기 좋더라구요. 물 없이 그냥 입에 털어넣어도 녹아 없어져서 편했어요. 간편하게 한 포씩 가지고 다니면서 아무때나 먹기도 좋구요. 꾸준히 먹어봐야지❤️
munj********,5,2023-12-31,입자가고와먹넘김이넘좋아요
kdy9*****,5,2023-11-15,"맛있어서 꼬박꼬박 챙겨먹게 됩니당
바르는 레티놀을 만족하며 쓰고 있었는데 먹으면서도 관리할 수 있어서 좋아요 효과 있었으면 좋겠습니다!!
다른 영양제 성분이랑 중복되지 않게 주의해야할 것 같아요"
xo****,5,2023-11-10,"레티놀을 먹어서 섭취할 수 있다는 게 새로웠어요.
비타민도 들어 있어 도움이 될 것 같아요.
물에 타먹는 거라 먹기도 편하네요."
1lit*******,5,2023-11-07,"포장은 깔끔해용 10개씩 3봉지로 나눠서 포장되어 있는데
솔직히 그냥 한꺼번에 다 담아줘도 될거같어용 ㅎ
어차피 한개씩 따로따로 포장돼있으니까요~!!!
왜냐면 어차피 가위 안쓰면 깔끔하게 안 뜯겨서 저렇게 뜯어버려서 나뉜 의미가 없어용 ㅜ
맛은 뭔가 차가운? 맛이 나요 ㅋㅋㅋ
그리고 엄청 신데 원래 신거 좋아하는 편이라 괜찮은 맛이에요
제가 원래 바이탈뷰티는 맹신하니까 꾸준히 먹어보겟습니다~!더보기"
dear*****,5,2023-11-09,"맛은 새콤달콤해요 ㅎㅎ
단맛이 많이 나서 먹을때 부담없어서 좋네요
요즘 레티놀 성분 제품이 많이 나오는데
이거는 먹는 제품이다 보니 효과가 더 좋을 거 같아요
피부에 좋다고 해서 기대중이에요 ㅎㅎ"
nait******,5,2023-11-15,10개씩 포장해서 3봉지 들어있어요 들고 다니면서 먹기 간편하게 포장되어있어서 있고 유통기한도 2025년까지입니다 맛도 좋아요 비타민 대용으로 먹는다고 생각하고 먹는 중이에요
vo****,5,2023-11-11,피부가 푸석푸석해지고 비타민이 필요해서 구매했어요. 10개가 들어있는 게 세봉지가 들어있고 아주 입자가 고운 레몬맛의 비타민이에요. 하루에 1회나 2회 먹으면 될듯해요. 만족합니다. 다 먹으면 재구매하려고 해요.
ekdu*****,5,2023-11-07,"제품 좋아서 재구매했어요. 일단 아모레퍼시픽에서 만들어서 1차적으로 믿음이 가고, 피부과 전문의와 공동개발했다는점이 마음에 들었어요. 레티놀은 바르는 화장품으로도 필수로 바르는편인데 이렇게 먹어서도 관리할 수 있어 좋네요. 맛도 쿰쿰하거나 비리지않고 너무 맛있어서 먹기 편합니다."
chis******,5,2023-11-07,"레티놀크림은 사용해 본적이 있었는데, 먹는 레티놀은 처음이라 조금 망설이다가, 피부과 전문의가 개발한 아모레퍼시픽 제품이라고 해서 믿고 주문했습니다. 맛은 부담없는 새콤달콤 비타민 맛이고, 물없이 복용할 수 있어 간편합니다. 레티놀 뿐 아니라 비타민 함량도 높아 피부에 좋을 것 같습니다. 아직 한포밖에 안 먹었지만 한달 후 효과가 있기를 기대해 봅니다"
nibb********,5,2023-12-29,재구매항상 배송빠르고 좋아서 구매합니다
ohjn***,5,2023-11-08,밝은 피부를 가지고 싶어서 레티놀 화장품을 사용하고 있는데 부족한 것 같아 먹는 레티놀을 구매해봤어요. 이런 제품은 약간 맛없는 경우가 많아 물먹을 준비했는데 너무 맛있어서 놀랐어요. 가지고다니면서 간식처럼 먹을 수 있을 정도구요. 낯빛도 칙칙해지고 탄력없는 피부가 고민인데 효과있었으면 좋겠어요! 꾸준히 먹어보려고 해요!!
kimd********,5,2023-11-15,"배송도 빠르고 포장도 꼼꼼해서 좋았습니다
맛도 좋은데 피부에까지 좋은 거 실화입니까?
가성비도 좋고 휴대하기도 좋고 데일리로 강추합니다 ^^"
jhjy****,5,2023-11-10,"레티놀은 화장품으로만 사용중이었는데, 이렇게 뷰티푸드로 나오니 더 효과가 뛰어날 것 같아요!
맛은 새콤하니 과일맛이 나서 맛있었고 매일 먹기에 좋을 것 같아요~
매일매일 먹고 피부에 도움이 되었으면 좋겠습니당ㅎㅎ
효과 있으면 재구매해서 먹으려구요!"
alst******,5,2023-11-13,레티놀이라는 단어에 홀리듯이 구매했네요. 레티놀이 미백이나 모공 줄이는데 도움이 된다는데 정말 효과 있었으면 좋겠어요!
o_o7***,4,2023-11-15,배송도 빠르고 포장도 잘 되어서 왔습니다 맛은 레모*같이 신 맛일 거라고 생각했는데 단 젤리맛이었습니다 먹기 간편해서 좋을 것 같아요 한 달정도 먹어보고 후기 남기겠습니다
alsd*****,5,2023-11-14,"레티놀을 먹어서 보충할 수 있어서 너무 간편해요~!
가루도 곱고 맛도 상콤한 레몬맛이에요🍋🍋

하루에 한 개씩 루틴처럼 먹고 있는데 피부가 더 생기가 느껴져요~ 
앞으로도 꾸준히 먹어볼게요 ㅎㅎ"
dolp***,5,2023-11-08,"피부과 전문의 공동개발이고 먹는 레티놀 파우더라 구매했습니다. 모링가잎추출분말이며  비타민 C도약28%정도 함유된 건강기능식품이에요. 아모레퍼시픽 기술력으로 피부과 전문의 설계, 레피놀 함량설졍 및 시너지 원료 배합은 화사하고 맑은 생기, 깨끗하고 투명한 일상을 위해 엄선한 포뮬러 입니다. 아직은 잘 모르겠지만, 좋은 원료가 많이 포함되어 피부 및 건강에 좋을 것 같아요"
tane*******,5,2023-11-13,상큼하고 맛나요. 손으로 쉽게 잘 찢어지고 물에 풀지않아도 섭취 가능해서 휴대하기 좋아요. 레티놀을 먹는다니 새롭네요. 11월 신상이래서 바로 구매했습니다. 추천드려요.
bw10****,5,2023-11-15,제가 좋아하는 맛이라 먹기가 좋았어요~^^ 휴대도 편하고 바로 먹어도 되니 더 좋더라구요. 그리고 피부과 전문의들이 만들어서 더 믿음이 가네요~^^
jiny*****,5,2023-11-11,"우선 믿을 만한 브랜드인 바이탈뷰티에서 나온 제품이라 바로 구입해구요. 레티놀5% 함유에 비타민까지 들어 있고, 1일 1~2포 섭취하면 피부가 밝아질 수 있다니 너무 좋네요. 맛은 너무 시지도 않고 달지도 않아요. 입자가 고와서 바로 녹아버리네요. 꾸준히 먹으면 피부가 밝아질 것 같아요."
pmn3***,5,2023-11-11,새콤달콤하고 가루가 고와서 먹기 편해요~ 당연히 실온에 있는 제품을 섭취했는데 시원한 음료 마시는 것 같은 신기한 식감이었어요! 일단 먹기가 편하니까 꾸준히 섭취할 수 있을것 같아요~~
suzy*****,5,2023-11-15,먹기 편하도록 파우더 형태에 맛도 좋습니다. 아침에 일어나서 물 한잔 마신 후 먹는 루틴이 되었는데 식습관 개선에도 도움이 되는것같고 무엇보다 피부가 환해진 것같습니다.
auba****,5,2023-11-15,"요즘 가루로 한포씩 먹는게 편해서 한 번 구입해봤어요. 한 포씩 먹기에는 너무 편한데 굉장히 셔서 먹기전에 조금 부담이 되는게 없지않아 있어요
그래도 그만큼 더 비타민과 레티놀이 풍부한거겠지..? 하며 먹고 있어요!
꾸준히 먹어보고 한달뒤 리뷰로 뵙겠습니다."
stud*********,5,2023-11-08,일단 제형이 진짜 곱고 사르르르륵 잘 녹아서 먹기 정말 편했습니다. 맛도 좋구요! 상큼달달한 레몬+과일맛입니다. 물 없이 먹기 좋아서 가지고 다니기 넘 편리하고 좋네요!
pltd*****,5,2023-11-08,"새콤달달 너무 맛있어요!!
알약이 아닌 가루형이라 맛이 이상할까
걱정했는데 상콤하니 맛있네요~
10포씩 소포장 되어있어서
휴대하기도 좋을거 같아요~"
bona***,5,2023-11-14,"레티놀화장품에 관심이 있어 사용하던 중에 먹는 레티놀이 있어 사보게되었습니다.

몇일 안먹어서 효능은 아직 몰르겠으나, 얼굴빛이 좀 밝아진것같기도 하고, 
맛도 비타민씨 느낌처럼 새콤해서 먹을만해요!"
oo****,5,2023-11-11,"박스 하나에 3봉 10개입씩 들어있어요 개별포장되어 있어서 챙겨서 먹기 좋은거 같아요!
유산균도 항상 챙겨먹는데 유산균 먹고 같이 챙겨먹으면 좋을것같아요!
  레티놀 맛도 좋아서 한 포 먹고 또 한포 더 먹고 싶지만 간에 부담갈까봐 참을게용 ㅎㅎ"
yale****,5,2023-11-10,"요즘 피부가 엉망이라서 닥치는 대로 이것저것 사보는 중이거든요 그러다 레티놀이 피부에 좋다고 해서 사봤어요
맛은 레몬 비타민c 느낌인데 가루 입자가 완전 고아서 혀에 닿자마자 사르르 녹는 느낌이에요 원래 아무리 고아도 혀에 남는 느낌이 있는 편인데 그런 거 없이 녹아서 신기한 느낌이었어요 ㅋㅋ
효과도 제발 있었으면 좋겠네요! 꾸준히 먹어보겠습니다"
91****,5,2023-11-12,바르는 레티놀은 자주 사용했었는데 이너뷰티에 관심 갖기 시작하면서 먹는 레티놀이 있다는 것도 알게 되었어요! 가루 형태로 곱게 되어 있어서 언제 어디서든 쉽게 섭취 가능하고 맛도 상큼합니다! 앞으로 더 잘 챙겨먹어보려구요 😊
mi****,5,2023-11-09,레티놀에 관심이 많은데 먹는 레티놀이라고 해가지고 신기해서 사봤습니다. 먹는 거라서 드라마틱하게 눈에 바로 보이는 효과는 없지만 그래고 훗날(?)을 위해서 챙겨서 먹어보려고 해요!! 맛은 새콤 상콤 달달하고 입안에서 바로 녹아요. 입자가 매우 고와서 먹기 아주 편합니다. 레티놀 입문자에게 추천!!!
skyl********,5,2023-11-14,"먹는 레티놀이라니 ㅋㅋㅋ너무 신박해서 구매했어요 피부 관심많은 저는 놓칠 수 없더라구요!
맛은 비타민c처럼 매우 상큼하고, 포장이 1포씩 간편해서 갖고다니기도 좋았습니다.
당분간 쭉 먹어볼게용"
as****,5,2023-11-11,"비타민c도 챙기고 레티놀도 챙기고 완전 👍🏻
맛없으면 사놓고 안 먹는 경우가 많은데 
이건 맛있어서 손이 자주 가요👍🏻
먹기 전에 컷팅 잘 안되면 승질나는데ㅜㅜ
이건 컷팅이 완전 쉽게되서 제일 좋아요💛👍🏻"
gil6***,4,2023-12-19,"맛이가 없어요…
맛없는 애들 감기약 맛이네요 ㅠㅠ
선호하지 않는 맛이라 먹기전부터 약간 역한 느낌 나요  ㅠㅠㅠ"
yu****,5,2024-01-03,잘 먹어보겠습니다.
kmin****,5,2023-11-07,"개별포장 되어있어서 먹기 너무 편해서 좋아요 가루 형태이고 한번에 1포만 먹으면 됩니다맛은 상큼달달한 맛입니다 물을 충분히 같이 섭취해주면 좋을것 같아요
피부에 좋다고 해서 아주 기대가 됩니다!!"
chld****,5,2023-12-11,1달 먹어보구 재구매해볼께요!!
ibsn*****,5,2023-11-14,레모나보다 약간 더 쎄고 상큼한 맛이라서 건강에도 좋은 느낌이에요. 포 형태인데 입에 안남고 빠르게 녹아서 간편하게 먹기에 좋아요. 꾸준히 섭취하려구요.
seoj******,5,2023-11-07,"얼굴에 바르는 레티놀보다 좋은 것 같아요.
부담없이 먹기 좋고 맛도 새콤달콤하고 ㅔ괜찮네요!
레티놀 효과가 있기를 기대하면서 먹으려고요.
꾸준히 먹으면 좋을 것 같아요!"
mong********,5,2023-11-12,"너무 맛있어요.
하루 1~2포 복용이라는데 맛있어서 자꾸 더 먹고 싶어 큰일입니다 ㅋ
레티놀이 주름에 좋다 들었는데 먹어서 흡수시키니 더 좋을거 같아요."
yasb****,5,2023-11-09,"레티놀 좋은 건 아는데, 바르는 건 좀 번거롭고 귀찮더라구요 ㅋㅋㅋ 먹는 게 있다고 해서 냅다 구매했습니다.

유통기한은 2025년 9월 13일 까지로 충분히 넉넉해요.

진짜 고운 가루 형태로 입에 들어가면 사르륵 녹고, 맛있어서 ㅋㅋㅋ 먹는데 부담 없네요 😊😊 꾸준히 먹어볼 예정입니다!"
kimh*****,5,2023-12-21,상큼하니 맛있어요레티놀 효과 기대해봅니다
sb****,5,2023-12-20,"한달사용기입자가 엄청 곱고 먹기 편했어요~!
상큼하니 맛있네요"
yeon****,5,2023-11-07,일단 너무 맛있어요. 이상한 향이나 맛이 느껴질까봐 걱정했는데 상큼하고 맛있습니다. 근데 효과가 어떨지는 아직 모르겠어요. 1통 다 먹고 리뷰 다시 올릴께요.
seun********,5,2023-11-07,"바르는 레티놀만 사용하다가 먹는 레티놀이 나왔다고해서 구입했어요^^비건인증, 믿을 수 있는 성분, 순하게 섭취하는 레티놀이라 선택했습니다. 상큼하고 맛있어서 물없이도 쉽게 섭취가능해서 편리해요~ 
노화관리 필수템~!! 바이탈뷰티 슈퍼레티놀c👍"
vov7***,5,2023-11-10,"입자가 고와서 부드럽고 먹기 편해요
그렇다고 입에 달라붙지도 않아서 괜찮네요 
신걸 못먹는 편이라, 너무 시지는 않을까? 했는데 적당해서 먹기 괜찮았어요.
먹기 괜찮아서 잘 먹을 수 있을 것 같습니다"
wldu*****,5,2023-11-15,"지인한테 선물받아서 먹어보고 괜찮은것같아서 구매했습니다!!
이거먹고 피부 진짜 좋아졌어요....
혈색도 좋아지고 뾰루지 다없어지고 광이나용..
진짜 추천합니다!!!"
rhkr********,5,2023-12-13,피부때문에 유투브 보다가 알게되서 구매했어요~ 맛있어서 먹기좋아요~ 꾸준히 먹어보려구요
snow******,5,2023-11-12,레티놀을 간편하게 섭취할 수 있다는데다 바이탈뷰티 제품이라고 해서 주저없이 구매했어요. 기침 안 나오는 촉촉한 분말 타입이라 아무때나 먹기에도 좋고 맛도 상큼하니 맛납니다!
jmby******,5,2023-11-13,"솔직히 맛있는 비타민만 먹는 사람인데요, 레모나 맛나고 맛있어서 손이 잘가요! 맛있게 잘 만든 것 같고 이 맛이면 오래 오래 먹기 좋을 것 같아요."
rkdd******,5,2023-11-10,살짝 신맛이 나는데 맛있다 느낄 정도고 목넘김 좋아요. 낱개 포장이라 먹기 수월하고 레티놀 성분부터 필요한 비타민이 같이 들어 있어서 피부도 좋아지고 컨디션 회복에도 좋을듯 해요.
24da*******,5,2023-11-13,"피부에 레티놀이 좋고 잘 맞는데 
이렇게 먹는 레티놀이라니 넘 좋네요~
비타민 등도 들어있어서 건강해지는 느낌들어요
맛은 상콤한데 약간의 약맛이 느껴집니다…
그래두 먹을만해요 좋아요🤗"
lave********,5,2023-11-15,먹는 레티놀이라 신기하기도 한데 피부과 전문의가 만들었다니 믿고 먹을 수 있었어요~ 비타민도 포함되어있고 효과가 좋은 것 같아 꾸준히 먹고 있습니다~
dmsw******,5,2023-11-12,"느무 맛있어요...💛 
기분탓인진 모르겠지만 피부가 좀 더 탱탱해진 것 같아요 먹기도 편하고 가루형태로 피부관리를 할수있다니 좋네요
한 달 후 리뷰도 잘 써볼게요"
ekfa******,5,2023-11-10,피부잡티가 신경쓰였는데 먹는 타입의 레티놀 제품이 나와서 구입해봤어요! 입에 넣자마자 사르르 녹아서 물 없이도 먹기 좋을 것 같아요! 맛도 맛있고 비타민 함량도 높아서 좋아요!
jung******,5,2023-11-07,"평소에도 먹는 이너제품 꾸준히 챙겨 먹고 있는데 바이탈뷰티에서 먹는 레티놀이 나왔다고 해서 구매했어요!
맛은 새콤달콤 레몬맛이 나구요
휴대하기 편한 파우더타입이예요
그냥 먹어도 되고 물에 타서 먹어도 되고 
취향껏 먹을 수 있어요
성분을 보면 항산화 케어에 좋은건 
다 들어있더라구요ㅎㅎ
꾸준히 먹어야겠어요!더보기"
mhj3***,5,2023-11-07,"아이오페 레티놀은 무조건 믿고 써왔는데
먹는 레티놀이 나왔다니 안먹어볼 수 없죠!
상큼달달 너무 맛있어서 좋고 
안심하고 믿고 먹을 수 있는 브랜드라 넘 좋습니다
하루 한포씩 먹고있어요! 환절기 촉촉하게 보낼 수 있었음 좋겠네요^^"
mimi*******,5,2023-11-10,피부에 좋은 레티놀을 편리하게 먹을 수 있어서 너무 좋은 것 같아요! 편리하기도 하지만 상큼달달한 맛이 섭취하기 좋은 것 같아요^^
alsf****,5,2023-12-23,한달사용기확실히 피부결이 다른거같아요 진짜 신기했습니다
tiff********,5,2023-11-09,"얼굴에 바르는 레티놀이 유행해서 구매해 봤는데 자극이 클 것 같아서 사용을 못하던 와중, 먹는 레티놀이 나왔다고 해서 구매해봤어요!
엄마아빠랑 같이 먹었는데 다들 맛있게 먹었습니다! 비타민 c도 있어서 레티놀 효과+비타민효과(미백)도 같이 볼 수 있을 것 같습니다!"
win1***,5,2023-11-07,개별포장이 너무 귀여워요..먹기 편하고 첫입에 엄청 시원합니다. 먹을때 가루 날림이 하나도 없구요 먹고 난후에 망고향이 입안을 가득 채웁니다.  마지막 목 넘김에 내가 비타민을 먹었구나 하는 신맛이 많이 느껴지는 레티놀c^^
lea2***,5,2023-11-10,먹는 레티놀이 나왔다고 해서 구매했어요! 새콤하고 맛있어서 먹기 좋아요ㅎㅎ 꾸준히 먹고있는데 벌써부터 얼굴빛이 좀 달라진 것 같아요! 만족합니다
hh****,5,2023-11-15,"먹는 레티놀 궁금해서 구매해봤어요 
맛도 있어서 매일 잘 챙겨먹게 되네요
또 재구매하려구요"
gp****,5,2023-11-07,피부과에서 공동개발한 제품이라니 신뢰가 가요! 맛은 레모나처럼 상큼하면서도 은은한 꽃향이 나네요:)꾸준히 섭취하는 만큼 피부가 맑아졌음 좋겠어요!
3845***,5,2023-11-07,피부가 예민한 편이라 레티놀이 피부에 좋다는 걸 알도서도 선뜻 화장품을 사용하지 못했습니다.그런대 먹는 레티놀도 있다는 걸 알고 바로 구매했어요! 맛은 레모나와 비슷하며 맛있어요~!! 매일 챙겨먹고 난 뒤의 한달 후가 기대됩니다.
ji****,5,2023-11-11,너무 시지않은 파우더타입으로 맛있게 먹을 수 있어 좋네요 ^^ 레티놀 화장품은 써봤어도 먹는 레티놀은 첨이라 반신반의하며 샀습니다. 꾸준히 먹고 효과 간증하러올게요!
when***,5,2023-11-10,"바르는 레티놀 제품은 사용해 봤는데, 먹는 제품은 처음 사봐요! 상큼하니 누구나 편하게 먹을 수 있는 맛이에요 ㅎㅎ 요즘 날이 추워져서 피부가 안좋아졌는데 점점 생기를 되찾는 느낌이라 좋습니다 !"
noel********,5,2023-12-11,잘 받앗습니다 ㅋ ㅎ
te01***,5,2023-11-08,피부에 바르는 레티놀만 써보다가 먹는 레티놀도 있다고 해서 구매해봤어요. 엄마랑 저랑 같이 먹기 시작했는데 스틱형이라 먹기 간편하고 맛도 나쁘지 않아서 좋네요. 살짝 상큼달짝해요. 엄마도 먹기 편해서 좋다고 하세요. 효과만 있다면 계속 구매하고싶어요.
le****,5,2023-11-11,"레티놀이라고해서 맛이 이상할까봐 걱정했는데 맛있어요!
바르는 것 뿐만 아니라 먹어서도 피부 탱탱하게 관리 할 수 있을 것 같아요~
꾸준히 먹으려고요 ㅎㅎ"
acou******,5,2023-11-09,"바르는 게 아닌 먹는 레티놀이라고 해서 생소했었는데, 추천이 많아 궁금해서 피부 건강을 위해 구입해봤습니다. 개별 포장되어 있어 먹기 편하고 새콤달콤 맛있어요! 꾸준히 먹어보려고 합니다."
han_*******,5,2023-11-09,가루 입자가 엄청 고와서 그냥 먹기에도 부담 없어요. 넣자마자 사르륵 녹아 없어지고 맛도 엄청 상큼하니 맛있어요 ㅎㅎ 아직 하루밖에 안먹어서 효과는 잘 모르겠지만 꾸준히 먹으면 효과도 있겠져? 꾸준히 챙겨 먹어보려구요
pa****,5,2023-11-07,"10포씩 3봉지가 들었네요.
레티놀만이 아니라 다른 비타민들도 한번에 섭취할 수 있어서 편해요.
분말이 아주 고와서 섭취하기 편했고 맛도 꽤 괜찮아요."
chou********,5,2023-11-13,"피부 영양제를 처음 먹어봐요~~ 
그래서 그런걸까요? 몇 일 안 먹었는데 피부 거침이 사라진 거 같아요~~ 좀 환해 보이기도 하고~~ 이래서 챙겨먹나 싶네요^^
기대합니다~~"
mi****,5,2023-11-07,"맛있고 가루가 고와서 금방 녹네요
목으로 훅 넘어가지도않고 사르륵 녹아서
먹기 편하고 넘 맛있어요 ㅋㅋ
효과가 있는지는 먹어봐야겟지만
맛있으면 꾸준히 먹게되니 기대를 걸어봅니다"
cyl1***,3,2023-11-30,빠른배송 잘 받았습니다 잘 쓰겠습니다
kd****,5,2023-11-14,휴대가 간편하고 가루가 고와서 먹기도 편하다. 너무 시지 않아서 가루체로 먹어도 목넘김이 좋다
yoon*****,4,2023-11-09,"엄청 고운 제형이라 처음 놀랬어요,, 입에서 사르르 사라집니다! 이런 제형 처음 봤어용
맛은 비타민이라 해서 신맛을 예상했는데 역시나 살짝 상콤하네요
레티놀까지 이름이 적혀있어서 효과가 기대돼요"
mw****,5,2023-11-01,"피부가 예민해서 바르는 레티놀은 생각도 못하는데. 먹는 레티놀이 있어서 제품설명보고 바로 시켰어요♡
10개씩 개별포장되어 있어서 파우치에 가지고 다니기 편하고, 하루하루 안 잊어버리고 꾸준히 섭취할것같아요~

이거 먹고 피부야 좋아줘라~♡ ㅎ"
free*****,5,2023-11-08,포장상태도 너무 좋고 유통기한도 거의 2년으로 넉넉하네요~! 먹는 레티놀 기대중에 있습니다. 효과 있었으면 좋겠습니다.
jeon*******,5,2023-11-11,"슈퍼레티놀 비타민 C먹으면 상큼한게 톡톡터지는 레몬 먹는 느낌이에요.
비타민 C,뿐만아니라 여러 비타민 빠짐없이 고루 들어있어서 별도로 종합비타민 먹는 느낌이에요
간편하게 휴대가능하며 유통기한 넉넉해서 좋았어요"
dbd0****,5,2023-11-07,믿고 사용하는 아모레퍼시픽에서 백옥 레티놀 파우더를 개발 했다고 해서 믿고 구매 했습니다 맛도 있고 건강에도 좋다고 하니 아주 만족스럽습니다 강추합니다
fjqm******,5,2023-11-10,"바르는 레티놀만 있는줄알았는데 먹는 레티놀까지!!
새로나온것같아서 구매해봤습니다><

🩷우선 맛!!
달지도않고 먹기편해요!
🩷편리성!!
다양한 비타민을 한번에 섭취가능해서 좋은것같아요!!!
💛 꾸준히먹어서 피부미인될래요><💛더보기"
tnru*****,5,2023-11-12,일단은 먹기 편해서 너무 좋고 ㅎㅎㅎ마싯어서 자주 챙겨먹게 되네여 ㅎㅎㅎ입자도 고와서 먹기 더더 편해요 피부 좋아져러아아아ㅏㅇ
jooh******,5,2023-11-12,가루 형태로 된 레티놀이라 먹기 편해요~맛도 있어서 잘 챙겨먹고 있습니다. 다양한 비타민이 들어가 있어서 영양제라고 생각하고 먹고 있습니다!
pos0****,5,2023-11-14,아모레퍼시픽의 레티놀은 항상 믿는데 먹는 레티놀이라뇨!!! 너무 궁금해서 달려가서 샀습니다🤍
qhdq****,5,2023-11-09,이제 30대가 되면서 이너뷰티관련 제품 찾아보다가 구매하게되었습니다 일단 먹기가 편하다보니 손이 잘 가요 또 분말형이라 알약타입보다는 삼키기가 좋네용 속광채를 기대하며 30일동안 열심히 먹어볼게욥..!
ao****,5,2023-11-10,"잘 받아서 잘 먹고있어요
입안에서 녹는데 이물감없이 깔끔하구요

맛도 좋아요 건강에 도움되리라 믿습니다"
dlal*******,5,2023-12-19,아직은 잘 모르겠는데 피부가 좋아지는 것 같긴해요 !
vnfm*****,5,2023-11-15,"물없이 먹기엔 위가 쓰릴수 있어요 

💛 물에 타서 먹는다
💛 입에 털고 물을먹는다 

두가지로 섭취하니 속이 편안했습니다
빈속섭취는 지양해주세요더보기"
lavi****,5,2023-11-10,"먹기 편하고 효과도 좋아 만족스럽습니다
신뢰도 높은 기업이라 더 안심이 되네요
그리고 노랑노랑의 산뜻한 색상도 마음에 듭니다"
tmdg****,5,2023-11-08,"이번에 새로 나왔다길래 올영에서 구매했는데,
넘 맘에 들어서 선물용으로 구매했어요. 맛있어요!"
ka****,5,2023-11-07,레티놀과 비타민을 한번에 섭취가 가능하고 맛도 좋아요. 레티놀 성분이 속수분을 꽉 채우주길 바래요 새콤하니 아침레 기운도 나요.
been****,5,2023-11-10,바르는 레티놀 사용하다 먹는 레티놀이 있다길래 신기해서 구매했습니다. 상큼한 레몬맛이 먹기 참 좋네요~ 꾸준히 복용해서 효과가 있었으면 좋겠습니다~
pos2***,5,2023-11-15,바이탈뷰티의 먹는 레티놀 너무 기대했는데 진짜 좋아요!  꾸준히 먹고싶어요
minj******,5,2023-12-17,사은품으로 들어와서 주문합니다 좋아요
soyo*******,5,2023-11-09,"먹는 레티놀 나왔다해서 궁금해서 먹어보고 싶어서 구매했어요
 맛도 있고 효과도 넘 기대돼요! 
뭔가 맑아진 기분 ㅎㅎ 꾸준히 먹어볼게요"
puha******,5,2023-11-08,레모나 먹는 것 처럼 새콤하고 맛있어요. 10포씩 소포장 되어 있어서 보관이나 휴대하기 좋을 것 같아요. 성분도 비커민C가 1000mg 이나 들어있는데 비타민 A부터 다른 성분도 많이 들어있어요. 꾸준히 먹어볼게요.
ia****,5,2023-11-11,먹는 레티놀이라서 아주 편합니다. 새콤달콤한 맛에 노화방지까지 도움이 되는 레티놀입니다. 꾸준히 먹고 있어요.
dmsw******,5,2023-11-08,"레티놀을 파우더로 섭취할 수 있어 언제든 섭취할 수 있는게 좋네요
피부과전문의와 공동개발했다니 믿음이 가요
맛은 살짝 달달해서 거부감 없고 가루는 고운게 목막히는 가루가 아니라 먹기도 좋아요"
rhee******,5,2023-11-09,믿을수 있는 아모레제품으로 레티놀은 비타민A로 식품으로 보충을 해야하며 피부미백 및 주름개선에 도움된다하여 먹고 있는데 맛도 상큼하고 먹기 에도 너무 편합니다.  휴대하기 편하고 물도 없이 먹고 싶을때 바로바로!!
ehki*****,5,2023-11-08,"상큼하고 시원한 맛이네요!!
일단 복용하기가 편하고, 맛도 좋아요.
비타민도 a,c 가 고함량이라 하루 한포만 먹으려구요. 먹는 레티놀이라니 효과가 기대되네요.^^"
yj****,5,2023-11-07,먹어보니 시큼하지 않고 새콤해서 더 좋아요 비타민이 다 들어가 있고 거기다 아연까지 그리고 피부과 전문의들이 공동개발해서 믿음이 갑니다
sb****,5,2023-11-07,"피부를 위해 바르기만 하다 먹는 레티놀이 있길래 주문해보았습니다. 가격도 괜찮고 맛있어서 사무실에 두고 수시로 먹으려고 합니다ㅎㅎ
피부가 좋아졌으면 좋겟네욧!!"
whgd*****,5,2023-11-07,"일단 배송 빠르구요~
레티놀이 맛없으면 어쩌나 했는데 비타민씨 가루랑 비슷하더라구요
포장도 완전 꼼꼼하고 상큼하니 거북수럽지도 않네요~ 건강 생기 잘 챙겨보겠습니당~"
endh***,5,2023-11-12,"이거 너무 맛있네요
상큼한것이  먹는 레티놀도 챙기고 비타민도 챙기고 최곤거같아요
행사하면 바로 쟁일겁니다"
wltm******,5,2023-11-14,"레티놀은 바르는 것만 있는건 줄 알았는데, 검색하면서 먹는 것도 있다고 하여 구매해 봤습니다!
원래는 피부에 바르는 것을 찾고 있었는데 복용하는 방법도 있다면 무조건 복용해야져!! 레티놀은 바르는게 워낙 까다로우니🥲 
맛도 괜찮고 가루로 먹어도 되지만 가끔 음료가 땡길 때는 탄산수나 물에도 타먹고 있는데 나름 매력있게 맛있어용:)
추천합니당👍👍"
aa__***,5,2023-11-13,"맛도 맛! 영양도 영양!
먹기 간편하고 피부에도 좋아요!
너무 만족해요~~~~ 추천 합니다!
하루에 한 개!"
bkch*****,5,2023-11-08,"🙌장점
- 일단 너무 맛있다~ 상큼한 레모나 맛이라고 할까?
- 비타민과 레티놀을 한번에 섭취 가능
- 물 없이 어디서나 간단하게 먹을수 있으니 최고
이거 저도 먹고 좋아서 동생들도 하나씩 선물 🙌🙌"
zzzn*******,5,2023-11-07,먹기 편하고 맛도 괜찮았어요. 계속 먹어서 피부가 좋아졌으면 좋겠어요~
zzlo********,5,2023-11-14,사무실에서 먹기 편해요~~ 1포씩 되있어서 가방에도 넣고 다닙니다. 비타민c도 있어서 꾸준히 먹으면 피부도 환해질거 같아요~~!
soni***,5,2023-11-12,"레티놀 뿐만아니라 여러 비타민, 아연도 들어있어서 더 마음에 들어요
먹기전보다 피부가 좋아진듯해요
상큼한 맛이에요
휴대가 편해요
가방에 가져다니면서 꾸준히 챙겨먹고 있어요  > <"
ya88******,5,2023-11-10,"먹기편하고 화장품은 자극이 있었는데 요건 자극도 없고 먹는거라 맛있고 입자가 고와서 물도 필요없어요ㅎ
꾸준히 섭취해야겠어요ㅎ"
gudr******,5,2023-11-14,"먹는 레티놀이라니 신기한데 피부과전문의가 만들어서 믿고 먹어봅니다
가루 포로 되어있어서 섭취가 편한데 완전 상큼한 맛이라 먹고나면 리프레쉬되는 느낌이예요"
kyun********,5,2023-12-16,한달사용기맛있어서 꾸준히 챙겨먹을 수 있어요^^
dmsw******,5,2023-11-09,먹는 레티놀은 처음이라 신기해요. 생각보다 먹기도 편하고 괜찮아요. 화장품은 보통 저녁에 바르던데 이것도 저녁에 먹어야는지 고민되긴해요.
yks5***,5,2023-12-11,"비타민은 처음 주문인데
한포 먹어봤는데 부담 없이 먹기 좋아요"
alic***,5,2023-11-08,"와우 맛이 상큼하네요
맑은피부 되고싶어서 사봤어요
피부도 상큼해졌으면 ㅎㅎ"
hany*******,5,2023-12-22,먹기 편하고  맛있습니다 ~~~
love******,5,2023-11-12,"분말타입 레티놀이 나온거 진짜 혁신이네요
바르는거랑 병행하려고 사봤어요
바르고 먹고하면 완전 꿀피부되겠죠?"
love*******,5,2023-11-11,가루타입 잘 못먹어서 물 한모금 머금고 먹는데 레모나 먹는것같은 맛이에요~ 효과 기대하고 있어요 ㅎㅎ
horo*******,5,2023-11-07,유통기한 2년 정도 넉넉히 남아 있어서 일단 좋아요~ 건강에도 좋고 맛도 좋아요😍😍
bd20****,5,2023-11-11,우선 먹기 편하기도 한데 맛있기도 해서 손이 잘 갈 것 같은 비타민입니다! 비타민c 함량도 꽤 높아서 좀 더 먹어보고 효과봤으면 좋겠네요!
ji****,5,2023-11-09,"요즘 얼굴이 칙칙해져서
식품으로 먹어보자 생각해서 샀어요
일딴 맛있어서 꾸준히 먹을수있을꺼 같아요"
many****,5,2023-11-09,"바르는 레티놀 적응하느라 힘들었는데
그런 걱정 없는 먹는 레티놀이 나왔다고 해서 구매했습니다.
물없이 그냥 먹어도 되니까 레티놀 챙기기 더 쉬워졌어요."
dwk9*****,5,2023-11-09,"맛도 맛있고 간편하게 먹을수 있어 좋아요
더군다나 피부도 더 좋아지는것 같고
활력도 넘쳐나요
추천해요~~~~"
dbwl****,5,2023-11-08,가루도 엄청 작은 알갱이로 되어있어서 목넘김도 좋고 물이랑 같이 안마셔도 쉽게 먹을 수 있어서 좋았습니다!
dl1g***,5,2023-11-11,"맛이 상큼해서 먹기 좋네요. 
피부 좋아졌으면 좋겠어서 사봤어요. 
30일치 다 먹고 효과 좋으면 또 사려고요.."
alsf****,5,2023-11-08,너무 맛있어요! 시원한 맛도 좋고 피부에 좋다니까 꾸준히 먹으려고요 세일 자주 해주세요!
00****,5,2023-11-15,"먹으면 입안이 시원해요 ㅎㅎ
꾸준히 먹어볼게요!
먹는 레티놀이라니 신기해요 ㅎㅎ"
gkqg*****,3,2023-11-07,피부가 밝아지고 예뻐진다고 해서 구매하게 된 슈퍼 레트놀C. 실제로 제품을 받아 용량을 보니 하루 1~2포로 고용량의 비타민을 섭취하게 되어 있어서 조금 망설여진다
blue***,5,2023-11-07,새콤달콤. 머리가 맑아지는 맛있는 맛입니다!
kds0*****,5,2023-11-07,"새콤하고 맛있어요
먹고있는 와중에도 군침이 돌아요~~~
먹는 레티놀이라니!! 먹는것도 편리해서 회사에
두고 먹어야겠어용~~~"
kimy*****,5,2023-11-07,"아주 좋아요!
하루 1~2개 섭취
맛👍🏻포장👍🏻유통기한 길고 좋네요"
baby******,5,2023-11-15,"간편하게 쏙 들고다니면서 먹기좋다
알약 보다 더 쉽게 섭취가능하고
맛도 상큼해서 좋다"
mint*******,5,2023-11-08,"맛있어요ㅎㅎ 
먼가 피부도 맑아지고 광나는 느낌나여ㅋㅋ
계속 먹으면 더조아지겠져?☺️"
sire****,5,2023-11-07,유통기한도 2025년가지 넉넉한걸로 잘 받았습니다! 이제 먹기 시작해서 효과는 모르겠지만 잘 맞으면 좋겠어요~
momo***,5,2023-11-07,"가루가 입에 넣으니 촉촉하게 녹아 없어져요
입이 텁텁해져서 불편하지 않아요 
가루 날림도 거의 없어요
먹기 편하고 맛있네요~~^^"
dlgu****,5,2023-11-08,"꼼꼼하게 포장되어있어요
비타민c라서 신맛이 강하게 날줄알았는데
다양한맛이 복합적으로 나서 기분이 묘하지만
뭔가 건강해지는 느낌이예요"
lily****,5,2023-11-07,"감기 예방 비타민c 알아보던중 주문했는데요
유통기한도 길고 믿을수있는 성분이라 좋습니다^^"
nanu********,5,2023-11-07,"비타민 C도 고함량에다가
맛도 레모나 처럼 상큼하니 맛있어요
건강도 챙기고, 맛도 챙기고, 또 구매 하려구요!"
ok48***,5,2023-11-11,"맛도좋고 먹기도 편해요
레티놀 바르고있는데 먹기도하면
더 효과가 좋겠죠?"
dbal****,5,2023-11-08,먹기에 간편하고 피부컨디션에 도움이 되는거 같아요~~^^*잘쓰겠습니다
qkdt***,5,2023-11-07,피부과 전문의 선생님들이 만들거라왠지믿음이가네요 맛있고 좋아요
eksl*****,5,2023-11-08,너무 시지도않고 맛있어요. 출근전 딱 털어먹고 가면 상쾌한 하루 시작!
habi****,5,2023-12-14,꾸준히 먹어 보겠습니다
when***,5,2023-12-13,한달사용기먹는 레티놀이라니 신박해용
gksm*****,5,2023-11-08,가격도 합리적이 건강하게 먹는거라도 맛이 별로면 먹기 싫은데 맛도 새콤하니 맛있어서 손이 자주가요
lone*****,5,2023-11-07,"오ㅏ 이렇게 예쁜건 처음봐요 노랑노랑이라 더 잘 맞는것 같아요 비타민 A, 비타민 C, 비타민 D, 비타민 E 까지 모두 들어있어 좋네요 꾸준히 먹어볼게여"
eric****,5,2023-11-07,레티놀이 먹는걸로 있다는게 궁금해서 신기했는데 너무 맛있게 잘먹고 있습니다.
bora*****,5,2023-11-07,너무 시지않고 상큼하니 맛있네요 ㅎ 피부가 빨리 좋아졌음 좋겠네요~~
